Workbook
Name Alineamiento: 'A-D.- FICHA'!$G$49:$H$51
Name Alineamiento: #REF!
Name CatTipo: 'A-D.- FICHA'!$E$133:$R$133
Name CatTipo: #REF!
Name Cond.Borde: 'A-D.- FICHA'!$C$144:$C$150
Name Cond.Borde: #REF!
Name Cond.Carretera: 'A-D.- FICHA'!$J$375:$J$377
Name Cond.Carretera: #REF!
Name CondAmb: 'A-D.- FICHA'!$N$49:$N$51
Name CondAmb: #REF!
Name elementos: 'F.- ELEMENTOS'!$C$73:$J$184
Name FormaViga: 'A-D.- FICHA'!$L$153:$L$156
Name FormaViga: #REF!
Name luisa: 'A-D.- FICHA'!$C$161:$C$165
Name luisa: #REF!
Name MarcasdeCalzada: 'A-D.- FICHA'!$G$372
Name MarcasdeCalzada: #REF!
Name Mat: 'A-D.- FICHA'!$G$161:$G$164
Name Mat: #REF!
Name Mat.Predo: 'A-D.- FICHA'!$G$144:$G$150
Name Mat.Predo: #REF!
Name MatBaranda: 'A-D.- FICHA'!$G$282:$G$285
Name MatBaranda: #REF!
Name MatDrenaje: 'A-D.- FICHA'!$M$290:$M$293
Name MatDrenaje: #REF!
Name MaterialCimenta: 'A-D.- FICHA'!$N$161:$N$165
Name MaterialCimenta: #REF!
Name MaterialEleva: 'A-D.- FICHA'!$G$161:$G$164
Name MaterialEleva: #REF!
Name Materiallosa: 'A-D.- FICHA'!$J$144:$J$148
Name Materiallosa: #REF!
Name MatJuntas: 'A-D.- FICHA'!$F$290:$F$293
Name MatJuntas: #REF!
Name MatVeredas: 'A-D.- FICHA'!$J$282:$J$284
Name MatVeredas: #REF!
Name MatVigas: 'A-D.- FICHA'!$H$153:$H$157
Name MatVigas: #REF!
Name Nat.Suelo: 'A-D.- FICHA'!$N$375:$N$380
Name Nat.Suelo: #REF!
Name pendiente: #REF!
Name pendiente: #REF!
Name SeñaCarga: #REF!
Name SeñaCarga: #REF!
Name SeñalInformativa: 'A-D.- FICHA'!$G$360
Name SeñalInformativa: #REF!
Name Señalpreventiva: 'A-D.- FICHA'!$G$362:$G$365
Name Señalpreventiva: #REF!
Name SeñalReglamentaria: 'A-D.- FICHA'!$G$367:$G$370
Name SeñalReglamentaria: #REF!
Name Sobre: 'A-D.- FICHA'!$C$49:$E$56
Name Sobre: #REF!
Name Subestructura: 'A-D.- FICHA'!$G$375:$G$376
Name Subestructura: #REF!
Name SuperDesgaste: 'A-D.- FICHA'!$N$144:$N$148
Name SuperDesgaste: #REF!
Name TipoApoyos: 'A-D.- FICHA'!$N$282:$N$287
Name TipoApoyos: #REF!
Name TipoBarandas: 'A-D.- FICHA'!$C$282:$C$285
Name TipoBarandas: #REF!
Name TipoCimentación: 'A-D.- FICHA'!$J$161:$J$164

Sheet A-D.- FICHA
C4: PUENTE AGUA BLANCA
C6: SECCION (A) : IDENTIFICACIÓN Y UBICACIÓN
H9: Nombre | J9: =+C4 -> PUENTE AGUA BLANCA | N9: 1
H11: Código | J11: MO-100.002A | N11: 2
C13: Altitud: | E13: 1978 m | G13: 3 | H13: Dept Político: | J13: Moquegua | L13: 6 | N13: Poblado mas cercano | P13: =+J19 -> Matalaque | R13: 10
C15: C Este (19K) | E15: 311174.39 | G15: 4 | H15: Dept Vial | J15: Moquegua | L15: 7 | N15: Ruta | P15: MO-100 | R15: 11
C17: C Norte (19K) | E17: 8155443.4 | G17: 5 | H17: Provincia | J17: Gral. Sanchez Cerro | L17: 8 | N17: Kilometraje | P17: 30298 | R17: 12
C19: Tramo | E19: 11 | H19: Distrito | J19: Matalaque | L19: 9 | N19: Tipo de Ruta | P19: Departamental | R19: 13
C24: SECCION (B): DATOS GENERALES
C27: Puente sobre: | E27: Río | G27: 1 | J27: Número de Proyecto: | P27: 10
C29: Nombre: | E29: Tambo | G29: 2 | J29: Año de Construcción: | P29: 11
C31: Longitud Total: | E31: 31.2 | G31: 3 | J31: Última Inspección: | N31: 45715 | P31: 12 | R31: mm/dd/aa
C33: Num de vías de tránsito: | E33: 1 | G33: 4 | J33: Último Trabajo: | N33: Sin Informacion | P33: 13
C35: Ancho de Calzada: | E35: 3.5 | G35: 5 | J35: Tipo de Servicio: | N35: Camiones hasta Cierta Carga | R35: 14
C37: Sobrecarga de Diseño: | G37: 6 | J37: Flujo de Tráfico: | N37: 81 | P37: 15
C39: Ancho de Vereda: | E39: 0.6 | G39: 7 | J39: Año: | N39: 2025 | P39: 16
C41: Altura Libre Superior: | G41: 8 | J41: % Camiones y Buses: | N41: 0.09 | P41: 17
C43: Altura Libre Inferior: | E43: 5.63 | G43: 9 | J43: Alineamiento: | N43: Recto | P43: 18
J45: Condiciones Ambientales: | N45: Moderado | P45: 19
C47: Evaluación : Ing. Martín Pichón
C48: Sobre | G48: Alineamiento | J48: Tipo de Servicio | N48: Condiciones Ambientales
C49: Río | G49: Recto | J49: Irrestricto | N49: Severo
C50: Quebrada Seca | G50: Curvo | J50: Solo Automoviles | N50: Moderado | R50: Tipo de ruta
C51: Quebrada | G51: Esviado | J51: Solo Camiones | N51: Benigno | R51: Nacional
C52: Canal | J52: Camiones hasta Cierta Carga | R52: Departamental
C53: Carretera | J53: Fuera de Servicio | R53: Vecinal
C54: FFCC
C55: Valle (Viaducto Elevado)
C56: Zona Urbana (Viaducto elevado)
C59: SECCION (C): DATOS DEL PUENTE
C62: Num Tram: | E62: 1 | G62: 1 | H62: Long. 1ºTramo: | J62: =+E66 -> 31.2 | L62: 4
C64: Tramos: | E64: Iguales | G64: 2 | H64: Long. 2ºTramo: | J64: - | L64: 5
C66: Longitud Total: | E66: =+E31 -> 31.2 | G66: (Igual a B-3) | H66: Long. 3ºTramo: | J66: - | L66: 6
C68: Luz Principal: | E68: 30.45 | G68: 3
C72: C.1 : TRAMO 1 (PRINCIPAL) | J72: C.2 :TRAMO 2
C74: {Sección 1} | J74: {Sección 2} | L74: =+IF(E64="Desiguales","","(igual a Sección 1)") -> (igual a Sección 1) | U74: DEFINITIVO
C75: {Subsección a} | U75: Losa
C76: Categoría: | E76: DEFINITIVO | G76: 1 | J76: Categoría: | P76: 1 | U76: Losa con Vigas
U77: Portico
C78: Tipo : | E78: Losa con Vigas | G78: 2 | J78: Tipo : | P78: 2 | U78: Arco
U79: Reticulado
C80: =+IF(E76="ALCANTARILLA","Ojos/Vanos:","Caract. Secundaria:") -> Caract. Secundaria: | H80: 3 | J80: Caract. Secundaria: | R80: 3 | U80: Colgante
C81: {Subsección b} | U81: Atirantado
C82: Condición de borde: | E82: Empotrado | G82: 4 | J82: Condición de borde: | P82: 4 | U82: PROVISIONALES
C83: {Subsección c} | U83: Modular
C84: Material Predom: | E84: Concreto armado | G84: 5 | J84: Material Predom: | P84: 5 | U84: Tipo Yawata
U85: Otros
C86: {Si Nº de tramos > 1 y son desiguales, Sección 2} | U86: ALCANTARILLA
U87: Marco
U88: Circular/Ovalada
U89: Arco
U90: Portico
C91: C.3 : TABLERO DE RODADURA | U91: Otros
U92: ARTESANALES
C93: {Sección 3} | U93: Vigas de Troncos de Arboles
U94: Arcos/Porticos de Mamposteria de piedra
C95: {Subsección a} | H95: {Subsección b} | U95: Arco de Concreto Simple
C96: LOSA | H96: VIGAS | U96: Losa de Concreto Reforzado con rieles de FFCC
U97: Otros
C98: Material: | E98: Concreto Armado | G98: 1 | H98: Tipo: | J98: Viga Longitudinal | L98: 5
C100: Espesor: | E100: 0.2 | G100: 2 | H100: Nº de Vigas | J100: 2 | L100: 6 | U100: ELEMENTOS SECUNDARIOS
U101: VIGA | V101: MIXTA
C102: Superficie de Desgaste: | E102: Concreto Pobre | G102: 3 | H102: Material | J102: Concreto Armado | L102: 7 | V102: CAJON
C104: Espesor de Sup.desgaste | E104: 0 | G104: 4 | H104: Forma: | J104: Reticulada | L104: 8 | N104: Separación/ejes | P104: 4 | R104: 10 | U104: RETICULADO | V104: TABLERO SUEPRIOR
H106: Peralte: | J106: 1.65-2.95m | L106: 9 | N106: Ancho-Base | P106: 0.5 | R106: 11
C108: {Si Nº de tramos > 1 y son desiguales, Sección 4}
C110: {Sección 4} | E110: =+IF(E64="Desiguales","(acorde Sección 2, repetir C.3 para cada tramo diferente)","(igual a Sección 3)") -> (igual a Sección 3)
C114: C.4 : SUBESTRUCTURA
C117: {Sección 5}
C118: {Subsección a} | J118: Estribo Izquierdo | N118: Estribo Derecho
C120: Elevación | H120: Tipo: | J120: Portico | L120: 1 | N120: Portico | P120: 1
H122: Material: | J122: Concreto Armado | L122: 2 | N122: Concreto Armado | P122: 2
C124: Cimentación: | H124: Tipo: | J124: Zapata | L124: 3 | N124: Zapata | P124: 3
H126: Material: | J126: Concreto Armado | L126: 4 | N126: Concreto Armado | P126: 4
C128: {Si Nº de tramos > 1, continua Subsección b}
C130: =+C47 -> Evaluación : Ing. Martín Pichón
C131: Tramos | E131: Categoría/Tipo
C133: Iguales | E133: DEFINITIVO | H133: PROVISIONALES | L133: ALCANTARILLA | P133: ARTESANALES
C134: Desiguales | E134: Losa | H134: Modular | L134: Marco | P134: Vigas de Troncos de Arboles
E135: Losa con Vigas | H135: Tipo Yawata | L135: Circular/Ovalada | P135: Arcos/Porticos de Mamposteria de piedra
C136: DEFINITIVO | E136: Portico | H136: Otros | L136: Arco | P136: Arco de Concreto Simple
C137: PROVISIONALES | E137: Arco | L137: Portico | P137: Losa de Concreto Reforzado con rieles de FFCC
C138: ALCANTARILLA | E138: Reticulado | L138: Otros | P138: Otros
C139: ARTESANALES | E139: Colgante
E140: Atirantado
C143: Cond. De Borde | F143: Mat. Predominante Tramo | J143: Material-Losa | M143: Supericie de Desgaste
C144: Simp. Apoyado | G144: Concreto armado | J144: Concreto Armado | N144: Asfalto
C145: Continuo | G145: Concreto Pretensado | J145: Concreto Pretensado | N145: Concreto (Vaciado con Losa)
C146: Gerber | G146: Acero Estructural | J146: Plancha Metálica corrugada | N146: Concreto Pobre
C147: Articulado | G147: Cables de Acero | J147: Madera | N147: Madera
C148: Empotrado | G148: Planchas de Acero Corrugado | J148: Otros | N148: Metálica
C149: Sob. El terreno | G149: Madera
C150: Otros | G150: Otros
E152: Tipo de Vigas | H152: Material-Vigas | L152: Forma-Viga
E153: No aplicable | H153: Concreto Armado | L153: Rectangular
E154: Viga Longitudinal | H154: Concreto Pretensado | L154: I
E155: Viga Transversal | H155: Metálico | L155: Cajón
E156: Otros | H156: Madera | L156: Reticulada
H157: Otros
C160: Tipo de Elevación | F160: Material-Elevación | J160: Tipo de Cimentación | N160: Material-Cimentación
...

Sheet E.- CROQUIS
B4: SECCION ( E ) : CROQUIS DEL PUENTE | C4: PUENTE AGUA BLANCA
B5: NOMBRE : | C5: =+'A-D.- FICHA'!J9 -> PUENTE AGUA BLANCA
B6: Ruta : | C6: =+'A-D.- FICHA'!P15 -> MO-100 | F6: Progresiva : | G6: =+'A-D.- FICHA'!P17 -> 30298
B8: ELEVACION
B22: PLANTA
B37: SECCION TRANSVERSAL
B51: =+'A-D.- FICHA'!C47 -> Evaluación : Ing. Martín Pichón

Sheet F.- ELEMENTOS
C4: PUENTE AGUA BLANCA
C6: F.1 : RELACION DE ELEMENTOS CONFORMANTES DEL PUENTE
C7: Nombre: | E7: =+'E.- CROQUIS'!C5 -> PUENTE AGUA BLANCA
C8: Ruta: | E8: =+'A-D.- FICHA'!P15 -> MO-100
C9: Progresiva: | E9: =+'A-D.- FICHA'!P17 -> 30298
G11: DESCRIPCIÓN | K11: Codigo | L11: Metrado | M11: UND. | N11: Importancia
C13: I. SUPERESTRUCTURA
D14: =+VLOOKUP(K14,$C$73:$J$184,3,FALSE) -> Losa de concreto armado (Refuerzo Transversal) | K14: 104 | L14: 29.328 | M14: =+VLOOKUP(K14,$C$73:$J$184,7,FALSE) -> m3 | N14: =+VLOOKUP(K14,$C$73:$J$184,8,FALSE) -> 0.6
D15: =+VLOOKUP(K15,$C$73:$J$184,3,FALSE) -> Viga Principales concreto armado | K15: 110 | L15: 66.05 | M15: =+VLOOKUP(K15,$C$73:$J$184,7,FALSE) -> m3 | N15: =+VLOOKUP(K15,$C$73:$J$184,8,FALSE) -> 1
D16: =+VLOOKUP(K16,$C$73:$J$184,3,FALSE) -> Vigas Secundarias de concreto armado | K16: 111 | L16: 6.5625 | M16: =+VLOOKUP(K16,$C$73:$J$184,7,FALSE) -> m3 | N16: =+VLOOKUP(K16,$C$73:$J$184,8,FALSE) -> 0.8
C18: II. SUBESTRUCTURA
D19: =+VLOOKUP(K19,$C$73:$J$184,3,FALSE) -> Elevación Cuerpo del Estribo de Concreto Armado | K19: 202 | L19: 120.132 | M19: =+VLOOKUP(K19,$C$73:$J$184,7,FALSE) -> m3 | N19: =+VLOOKUP(K19,$C$73:$J$184,8,FALSE) -> 1
D20: =+VLOOKUP(K20,$C$73:$J$184,3,FALSE) -> Elevación Alas del Estribo de Concreto Armado | K20: 205 | L20: 22.26 | M20: =+VLOOKUP(K20,$C$73:$J$184,7,FALSE) -> m3 | N20: =+VLOOKUP(K20,$C$73:$J$184,8,FALSE) -> 0.6
C22: III. DETALLES
D23: =+VLOOKUP(K23,$C$73:$J$184,3,FALSE) -> Capa Concreto Pobre | K23: 302 | L23: 109.2 | M23: =+VLOOKUP(K23,$C$73:$J$184,7,FALSE) -> m2 | N23: =+VLOOKUP(K23,$C$73:$J$184,8,FALSE) -> 0.4
D24: =+VLOOKUP(K24,$C$73:$J$184,3,FALSE) -> Vereda Concreto | K24: 311 | L24: 37.44 | M24: =+VLOOKUP(K24,$C$73:$J$184,7,FALSE) -> m2 | N24: =+VLOOKUP(K24,$C$73:$J$184,8,FALSE) -> 0.2
D25: =+VLOOKUP(K25,$C$73:$J$184,3,FALSE) -> Barandas de Acero | K25: 353 | L25: 62.4 | M25: =+VLOOKUP(K25,$C$73:$J$184,7,FALSE) -> ml | N25: =+VLOOKUP(K25,$C$73:$J$184,8,FALSE) -> 0.4
D26: =+VLOOKUP(K26,$C$73:$J$184,3,FALSE) -> Tuberías PVC | K26: 372 | L26: 12 | M26: =+VLOOKUP(K26,$C$73:$J$184,7,FALSE) -> und. | N26: =+VLOOKUP(K26,$C$73:$J$184,8,FALSE) -> 0.4
C28: IV. CAUCE
D29: =+VLOOKUP(K29,$C$73:$J$184,3,FALSE) -> Márgenes del río | K29: 401 | L29: 500 | M29: =+VLOOKUP(K29,$C$73:$J$184,7,FALSE) -> ml | N29: =+VLOOKUP(K29,$C$73:$J$184,8,FALSE) -> 0.6
D30: =+VLOOKUP(K30,$C$73:$J$184,3,FALSE) -> Lecho del río | K30: 402 | L30: 250 | M30: =+VLOOKUP(K30,$C$73:$J$184,7,FALSE) -> ml | N30: =+VLOOKUP(K30,$C$73:$J$184,8,FALSE) -> 0.6
C32: V. ACCESOS
D33: =+VLOOKUP(K33,$C$73:$J$184,3,FALSE) -> Señalización | K33: 501 | L33: 1 | M33: =+VLOOKUP(K33,$C$73:$J$184,7,FALSE) -> und. | N33: =+VLOOKUP(K33,$C$73:$J$184,8,FALSE) -> 0.2
D34: =+VLOOKUP(K34,$C$73:$J$184,3,FALSE) -> Pavimento/Afirmado | K34: 511 | L34: 70 | M34: =+VLOOKUP(K34,$C$73:$J$184,7,FALSE) -> m2 | N34: =+VLOOKUP(K34,$C$73:$J$184,8,FALSE) -> 0.2
D35: =+VLOOKUP(K35,$C$73:$J$184,3,FALSE) -> Visibilidad | K35: 530 | L35: 40 | M35: =+VLOOKUP(K35,$C$73:$J$184,7,FALSE) -> ml | N35: =+VLOOKUP(K35,$C$73:$J$184,8,FALSE) -> 0.2
C37: =+'A-D.- FICHA'!C47 -> Evaluación : Ing. Martín Pichón
B39: CUADRO DE LA CONDICION DE LOS ELEMENTOS
B40: PORCENTAJE DE EVALUACIÓN DE CAMPO DE CADA ELEMENTO DEL PUENTE
B42: Codigo | G42: CONDICION
B43: de | C43: METRADO | D43: unidad | E43: 5 | F43: 4 | G43: 3 | H43: 2 | I43: 1 | J43: 0 | K43: TOTAL | Q43: PORCENTAJE DE EVALUACIÓN DE CAMPO DE CADA ELEMENTO DEL PUENTE
B44: Elemento | E44: Pésimo | F44: Muy mal | G44: Mal | H44: Regular | I44: Bueno | J44: Muy Bueno | K44: %
A45: Losa de Conc. Armado (Ref. Longitudinal) | B45: 101 | D45: =+VLOOKUP(B45,$C$73:$J$184,7,FALSE) -> m3 | J45: 1 | K45: =SUM(E45:J45) -> 1
A46: Brida superior e inferior, Montantes y Diagonales | B46: 160 | D46: =+VLOOKUP(B46,$C$73:$J$184,7,FALSE) -> kg | J46: 1 | K46: =SUM(E46:J46) -> 1
A47: Vigas transversales | B47: 161 | D47: =+VLOOKUP(B47,$C$73:$J$184,7,FALSE) -> kg | J47: 1 | K47: =SUM(E47:J47) -> 1
A48: Arriostres de Acero | B48: 117 | D48: =+VLOOKUP(B48,$C$73:$J$184,7,FALSE) -> kg | J48: 1 | K48: =SUM(E48:J48) -> 1
A49: Elevacion cuerpo estribo de Conc. Armado | B49: 202 | D49: =+VLOOKUP(B49,$C$73:$J$184,7,FALSE) -> m3 | J49: 1 | K49: =SUM(E49:J49) -> 1
A50: Elevacion Alas de Estribo de Conc. Armado | B50: 205 | D50: =+VLOOKUP(B50,$C$73:$J$184,7,FALSE) -> m3 | J50: 1 | K50: =SUM(E50:J50) -> 1
A51: Capa de Asfalto | B51: 301 | D51: =+VLOOKUP(B51,$C$73:$J$184,7,FALSE) -> m2 | J51: 1 | K51: =SUM(E51:J51) -> 1
A52: Señalizacion horizontal (pintura) | B52: 501 | D52: =+VLOOKUP(B52,$C$73:$J$184,7,FALSE) -> und. | J52: 1 | K52: =SUM(E52:J52) -> 1
A53: Vereda de concreto | B53: 311 | D53: =+VLOOKUP(B53,$C$73:$J$184,7,FALSE) -> m2 | J53: 1 | K53: =SUM(E53:J53) -> 1
A54: Apoyo deslizante de acero | B54: 323 | D54: =+VLOOKUP(B54,$C$73:$J$184,7,FALSE) -> und. | J54: 1 | K54: =SUM(E54:J54) -> 1
A55: Apoyo articulado de acero | B55: 324 | D55: =+VLOOKUP(B55,$C$73:$J$184,7,FALSE) -> und. | J55: 1 | K55: =SUM(E55:J55) -> 1
A56: Planchas deslizantes en juntas | B56: 341 | D56: =+VLOOKUP(B56,$C$73:$J$184,7,FALSE) -> ml | J56: 1 | K56: =SUM(E56:J56) -> 1
... A61: Pavimento | B61: 301 | D61: =+VLOOKUP(B61,$C$73:$J$184,7,FALSE) -> m2 | J61: 1 | K61: =SUM(E61:J61) -> 1
B64: 5 | C64: 4 | D64: 3 | E64: 2 | F64: 1 | G64: 0 | H64: Total %
B65: Pésimo | C65: Muy mal | D65: Mal | E65: Regular | F65: Bueno | G65: Muy Bueno
B67: Muy pobre | C67: Pobre | D67: Marginal | E67: Satisfactorio | F67: Bueno | G67: Muy bueno | I67: sanchez moya
B69: pesima | C69: mala | D69: preocupante | E69: regular | F69: buena | G69: excelente | I69: scap
B71: ELLEMENTOS CONFORMANTES DE UN PUENTE Y SU IMPORTANCIA
B72: Item | C72: Codif. Elemento | D72: Elemento | I72: Unidad | J72: Factor Importancia
B73: 1 | C73: 101 | E73: Losa de concreto armado (Refuerzo longitudinal) | I73: m3 | J73: 1 | N73: a) LOSA | O73: 1) TABLERO | P73: I) SUPERESTRUCTURA | R73: 101
B74: =1+B73 -> 2 | C74: 102 | E74: Losa de concreto pretensado (Pretensado Longitudinal) | I74: m3 | J74: 1 | R74: 102 | S74: =+R73-C73 -> 0
B75: =1+B74 -> 3 | C75: 103 | E75: Losa de Concreto Simple | I75: m3 | J75: 0.6 | N75: b) LOSA CON VIGA | R75: 103 | S75: =+R74-C74 -> 0
B76: =1+B75 -> 4 | C76: 104 | E76: Losa de concreto armado (Refuerzo Transversal) | I76: m3 | J76: 0.6 | R76: 104 | S76: =+R75-C75 -> 0
B77: =1+B76 -> 5 | C77: 105 | E77: Losa de concreto pretensado (Pretensado Transversal) | I77: m3 | J77: 0.6 | R77: 105 | S77: =+R76-C76 -> 0
B78: =1+B77 -> 6 | C78: 106 | E78: Plancha Metálica Corrugada | I78: m2 | J78: 0.6 | R78: 106 | S78: =+R77-C77 -> 0
B79: =1+B78 -> 7 | C79: 107 | E79: Tablero de Madera | I79: ft.2 | J79: 0.6 | R79: 107 | S79: =+R78-C78 -> 0
B80: =1+B79 -> 8 | C80: 110 | E80: Viga Principales concreto armado | I80: m3 | J80: 1 | R80: 110 | S80: =+R79-C79 -> 0
B81: =1+B80 -> 9 | C81: 111 | E81: Vigas Secundarias de concreto armado | I81: m3 | J81: 0.8 | R81: 111 | S81: =+R80-C80 -> 0
B82: =1+B81 -> 10 | C82: 112 | E82: Vigas Principales de concreto pretensado | I82: m3 | J82: 1 | R82: 112 | S82: =+R81-C81 -> 0
B83: =1+B82 -> 11 | C83: 113 | E83: Vigas Secundarias de concreto Pretensado | I83: m3 | J83: 0.8 | R83: 113 | S83: =+R82-C82 -> 0
B84: =1+B83 -> 12 | C84: 114 | E84: Vigas Principales de Acero Estructural | I84: kg | J84: 1 | R84: 114 | S84: =+R83-C83 -> 0
B85: =1+B84 -> 13 | C85: 115 | E85: Vigas Secundarias de Acero | I85: kg | J85: 0.8 | R85: 115 | S85: =+R84-C84 -> 0
B86: =1+B85 -> 14 | C86: 116 | E86: Vigas de Madera | I86: ft.2 | J86: 1 | R86: 116 | S86: =+R85-C85 -> 0
B87: =1+B86 -> 15 | C87: 117 | E87: Arriostres de Acero | I87: kg | J87: 0.6 | S87: =+R86-C86 -> 0
B88: =1+B87 -> 16 | C88: 131 | E88: Columnas de concreto armado | I88: m3 | J88: 1 | O88: 2) PORTICO | R88: 131 | S88: =+R88-C88 -> 0
B89: =1+B88 -> 17 | C89: 132 | E89: Columnas de concreto pretensado | I89: m3 | J89: 1 | R89: 132 | S89: =+R89-C89 -> 0
B90: =1+B89 -> 18 | C90: 133 | E90: Columna de acero estructural | I90: kg | J90: 1 | R90: 133 | S90: =+R90-C90 -> 0
B91: =1+B90 -> 19 | C91: 134 | E91: Muros de Concreto Armado | I91: m3 | J91: 1 | R91: 134 | S91: =+R91-C91 -> 0
B92: =1+B91 -> 20 | C92: 135 | E92: Muros de Concreto Simple | I92: m3 | J92: 1 | R92: 135 | S92: =+R92-C92 -> 0
B93: =1+B92 -> 21 | C93: 136 | E93: Tirante de Concreto Pretensado en pórticos | I93: m3 | J93: 1 | R93: 136 | S93: =+R93-C93 -> 0
B94: =1+B93 -> 22 | C94: 137 | E94: Arriostres de Acero | I94: kg | J94: 1 | T94: ok
B95: =1+B94 -> 23 | C95: 145 | E95: Arco de concreto armado | I95: m3 | J95: 1 | O95: 3) ARCO | R95: 145 | S95: =+R95-C95 -> 0
B96: =1+B95 -> 24 | C96: 146 | E96: Arco de acero estructural | I96: kg | J96: 1 | R96: 146 | S96: =+R96-C96 -> 0
B97: =1+B96 -> 25 | C97: 147 | E97: Arriostres de Acero | I97: kg | J97: 0.6
B98: =1+B97 -> 26 | C98: 160 | E98: Bridas superior e inferior, Montantes y Diagonales de Acero | I98: kg | J98: 1 | O98: 4) RETICULADO
B99: =1+B98 -> 27 | C99: 161 | E99: Vigas Transversales y Largueros de Acero | I99: kg | J99: 0.8 | R99: 161
B100: =1+B99 -> 28 | C100: 162 | E100: Arriostres de Acero | I100: kg | J100: 0.6
B101: =1+B100 -> 29 | C101: 168 | E101: Estructura Metálica Bailey | I101: und. | J101: 1 | O101: 5) BAILEY | R101: 168
B102: =1+B101 -> 30 | C102: 180 | E102: Cables Principales de Acero | I102: kg | J102: 1 | O102: 6) COLGANTE | R102: 180
B103: =1+B102 -> 31 | C103: 181 | E103: Barras de Anclaje en puentes colgantes | I103: und. | J103: 1 | R103: 181
B104: =1+B103 -> 32 | C104: 182 | E104: Torres de Acero | I104: kg | J104: 1 | R104: 182
B105: =1+B104 -> 33 | C105: 183 | E105: Péndolas de Acero con Sockets | I105: kg | J105: 1 | R105: 183
B106: =1+B105 -> 34 | C106: 184 | E106: Accesorios (Sillas de Montar, Montura de Péndolas) en ptes colgantes | I106: und. | J106: 1 | R106: 184
B107: =1+B106 -> 35 | C107: 185 | E107: Vigas de Rigidez | I107: kg | J107: 1 | R107: 185
B108: =1+B107 -> 36 | C108: 186 | E108: Arriostres de Acero | I108: kg | J108: 0.6 | R108: 186
B109: =1+B108 -> 37 | C109: 190 | E109: Losa de Concreto Simple | I109: m3 | J109: 0.6 | O109: 7) ALCANTARILL DE CONCRETO | R109: 190
B110: =1+B109 -> 38 | C110: 191 | E110: Losa de concreto armado (Refuerzo longitudinal) | I110: m3 | J110: 0.6 | R110: 191
B111: =1+B110 -> 39 | C111: 192 | E111: Muros de Concreto Simple | I111: m3 | J111: 0.6 | R111: 192
B112: =1+B111 -> 40 | C112: 193 | E112: Muros de Concreto Armado Alcantarilla | I112: m3 | J112: 0.6 | R112: 193
B113: =1+B112 -> 41 | C113: 195 | E113: Relleno | I113: m3 | J113: 0.6
B114: =1+B113 -> 42 | C114: 196 | E114: Plancha Metálica Corrugada (TMC) | I114: m2 | J114: 1 | O114: 8) ALCAN. METALICA | R114: 196
B115: =1+B114 -> 43 | C115: 201 | E115: Elevación Cuerpo del Estribo de Concreto Simple | I115: m3 | J115: 1 | O115: 1) ESTRIBOS | P115: II) SUBESTRUCTURA | R115: 201 | S115: =+C115-R115 -> 0
B116: =1+B115 -> 44 | C116: 202 | E116: Elevación Cuerpo del Estribo de Concreto Armado | I116: m3 | J116: 1 | R116: 202 | S116: =+C116-R116 -> 0
B117: =1+B116 -> 45 | C117: 203 | E117: Elevación Cuerpo del Estribo Madera | I117: ft.2 | J117: 1 | R117: 203 | S117: =+C117-R117 -> 0
B118: =1+B117 -> 46 | C118: 204 | E118: Elevación Alas del Estribo Concreto Simple | I118: m3 | J118: 0.6 | R118: 204 | S118: =+C118-R118 -> 0
B119: =1+B118 -> 47 | C119: 205 | E119: Elevación Alas del Estribo de Concreto Armado | I119: m3 | J119: 0.6 | R119: 205 | S119: =+C119-R119 -> 0
B120: =1+B119 -> 48 | C120: 206 | E120: Elevación Alas del Estribo Madera | I120: ft.2 | J120: 0.6 | R120: 206 | S120: =+C120-R120 -> 0
B121: =1+B120 -> 49 | C121: 207 | E121: Elevación Cuerpo del Estribo de Mampostería de Piedra | I121: m3 | J121: 1 | R121: 207 | S121: =+C121-R121 -> 0
B122: =1+B121 -> 50 | C122: 208 | E122: Elevación Alas del Estribo Mampostería de Piedra | I122: m3 | J122: 0.6 | R122: 208 | S122: =+C122-R122 -> 0
...

Sheet sec F
C4: PUENTE AGUA BLANCA
C6: Puente : | D6: =+'F.- ELEMENTOS'!E7 -> PUENTE AGUA BLANCA | F6: Ruta : | G6: =+'A-D.- FICHA'!P15 -> MO-100 | I6: Progresiva: | K6: =+'A-D.- FICHA'!P17 -> 30298
C8: F.2 :CONDICION GLOBAL DEL PUENTE
D11: 1 | E11: Bueno | G11: 3 | H11: Preocupante | J11: 5 | K11: Pesimo
D13: 0 | E13: Excelente | G13: 2 | H13: Regular | J13: 4 | K13: Malo
C15: Inspector | D15: M.Sc. Ing. Nelson Pareja | H15: Fecha de Inspeccion | K15: ='A-D.- FICHA'!N31 -> 45715
C16: Supervisor | H16: Fecha de Revision
C19: Elemento | F19: Descripcion
B21: I. SUPERESTRUCTURA
B22: 104 | C22: =+VLOOKUP(B22,elementos,3,FALSE) -> Losa de concreto armado (Refuerzo Transversal) | F22: Se observa eflorescencia y rastros de humedad en las salidas de las tuberías de drenaje, lo que indica posibles filtraciones o deficiencias en el sistema de evacuación de aguas.
B23: 110 | C23: =+VLOOKUP(B23,elementos,3,FALSE) -> Viga Principales concreto armado | F23: Se identifican fisuras diagonales en la viga aguas abajo, cerca del estribo derecho. Además, el concreto presenta decoloración y acumulación de polvo en la superficie.
B24: 111 | C24: =+VLOOKUP(B24,elementos,3,FALSE) -> Vigas Secundarias de concreto armado | F24: Se detectan fisuras verticales en la viga diafragma cercana al estribo derecho. Asimismo, se observa decoloración del concreto y polvo adherido en la superficie.
B25: II. SUBESTRUCTURA
B26: 202 | C26: =+VLOOKUP(B26,elementos,3,FALSE) -> Elevación Cuerpo del Estribo de Concreto Armado | F26: Se observa decoloración del concreto y acumulación de polvo en la superficie. Se evidencian fisuras verticales en la pantalla del estribo derecho.
B27: 205 | C27: =+VLOOKUP(B27,elementos,3,FALSE) -> Elevación Alas del Estribo de Concreto Armado | F27: Se observa decoloración del concreto y acumulación de polvo en la superficie. Además, se presentan rastros de eflorescencia, principalmente en el ala aguas arriba del estribo izquierdo.
B28: III. DETALLES | P28: Elevación de Pilares Concreto Armado
B29: 302 | C29: =+VLOOKUP(B29,elementos,3,FALSE) -> Capa Concreto Pobre | F29: Se ha acumulado material de relleno a lo largo de la superficie de rodadura, llegando hasta el borde superior de la vereda. Esto ha generado encharcamiento de agua en la superficie de rodadura, además de obstrucción parcial y total en el ingreso del sistema de drenaje.
B30: 311 | C30: =+VLOOKUP(B30,elementos,3,FALSE) -> Vereda Concreto | F30: Las veredas están parcial y totalmente cubiertas por el material de relleno. En la zona aguas arriba, parte de la vereda se encuentra fracturada. Adicionalmente, se observan fisuras por retracción del concreto.
B31: 353 | C31: =+VLOOKUP(B31,elementos,3,FALSE) -> Barandas de Acero | F31: Los elementos metálicos que conforman la baranda (postes y pasamanos) presentan polvo adherido en la superficie, pérdida parcial de pintura y signos de oxidación superficial.
B32: 372 | C32: =+VLOOKUP(B32,elementos,3,FALSE) -> Tuberías PVC | F32: Los ingresos de las tuberías de drenaje se encuentran parcial o totalmente obstruidos por el material de relleno acumulado en las márgenes de la vía. Además, las salidas de los tubos de PVC están al ras del fondo de la losa, lo que ha generado eflorescencia y humedad en el área circundante.
B33: IV. CAUCE
B34: 401 | C34: =+VLOOKUP(B34,elementos,3,FALSE) -> Márgenes del río | F34: En su mayoría, las márgenes están bien definidas, ya que el terreno es rocoso. Sin embargo, en la margen izquierda aguas abajo se encuentra material de relleno del talud de la carretera, el cual es altamente erosionable.
B35: 402 | C35: =+VLOOKUP(B35,elementos,3,FALSE) -> Lecho del río | F35: Se presenta un caudal torrentoso que transporta material de gran tamaño, lo que podría generar cambios en la estabilidad del cauce en eventos de alta precipitación.
B36: V. ACCESOS
B37: 501 | C37: =+VLOOKUP(B37,elementos,3,FALSE) -> Señalización | F37: Solo se cuenta con un cartel informativo en el acceso izquierdo, indicando el nombre, la longitud y la capacidad máxima del puente. No se dispone de señalización preventiva, reglamentaria ni horizontal.
B38: 511 | C38: =+VLOOKUP(B38,elementos,3,FALSE) -> Pavimento/Afirmado | F38: En el acceso izquierdo se ha acumulado una gran cantidad de material de relleno, lo que dificulta la transitabilidad. Además, se observan cárcavas que afectan la estabilidad del acceso.
B39: 530 | C39: =+VLOOKUP(B39,elementos,3,FALSE) -> Visibilidad | F39: Debido al alineamiento curvo en los accesos, la visibilidad desde el puente es regular, lo que podría representar un riesgo para la circulación vehicular.
B41: =+'A-D.- FICHA'!C47 -> Evaluación : Ing. Martín Pichón

Sheet F.2.-PANEL FOTOGRAFICO
G1: NUMERO DE FOTOS | H1: 2
B3: SECCION (F) CONDICION DEL PUENTE | XFD3: SI
C4: PUENTE AGUA BLANCA | G4: Importar de forma manual? | XFD4: NO
B5: F.2 PANEL FOTOGRAFICO | H5: NO
B7: NOMBRE | D7: =+'A-D.- FICHA'!J9 -> PUENTE AGUA BLANCA
B8: RUTA | D8: =+'A-D.- FICHA'!P15 -> MO-100
B9: PROGRESIVA | D9: =+'A-D.- FICHA'!P17 -> 30298
B11: LISTA DE FOTOGRAFIAS
B12: NRO. | C12: FECHA | D12: DESCRIPCION | E12: DIGITAL
B13: 1 | C13: 45715 | D13: ACCESO IZQUIERDO: Debido al alineamiento curvo la visibilidad desde el puente es regular, lo que podría representar un riesgo para la circulación vehicular.
B14: 2 | C14: 45715 | D14: AFIRMADO ACCESO IZQUIERDO: En el acceso izquierdo se ha acumulado una gran cantidad de material de relleno, lo que dificulta la transitabilidad. Además, se observan cárcavas que afectan la estabilidad del acceso.
B15: 3 | C15: 45715 | D15: ACCESO DERECHO: Debido al alineamiento curvo la visibilidad desde el puente es regular, lo que podría representar un riesgo para la circulación vehicular.
B16: 4 | C16: 45715 | D16: AFIRMADO ACCESO DERECHO: No se observa daños en el afirmado del acceso derecho.
B17: 5 | C17: 45715 | D17: SUPERFICIE DE RODARURA: Se ha acumulado material de relleno a lo largo de la superficie de rodadura, llegando hasta el borde superior de la vereda. Esto ha generado encharcamiento de agua en la superficie de rodadura, además de obstrucción parcial y total en el ingreso del sistema de drenaje.
B18: 6 | C18: 45715 | D18: AGUAS ARRIBA: Márgenes están bien definidas, ya que el terreno es rocoso. Se presenta un caudal torrentoso que transporta material de gran tamaño, lo que podría generar cambios en la estabilidad del cauce en eventos de alta precipitación.
B19: 7 | C19: 45715 | D19: AGUAS ABAJO: Margen izquierda aguas abajo se encuentra material de relleno del talud de la carretera, el cual es altamente erosionable. Se presenta un caudal torrentoso que transporta material de gran tamaño, lo que podría generar cambios en la estabilidad del cauce en eventos de alta precipitación.
B20: 8 | C20: 45715 | D20: ALA IZQUIERDA AGUAS ARRIBA: Se observa decoloración del concreto y acumulación de polvo en la superficie. Además, se presentan rastros de eflorescencia.
B21: 9 | C21: 45715 | D21: ALA DERECHA AGUAS ARRIBA: Se observa decoloración del concreto y acumulación de polvo en la superficie. Además, se presentan rastros de eflorescencia.
B22: 10 | C22: 45715 | D22: ALA IZQUIERDA AGUAS ABAJO: Se observa decoloración del concreto y acumulación de polvo en la superficie. Además, se presentan rastros de eflorescencia.
B23: 11 | C23: 45715 | D23: ALA DERECHA AGUAS ABAJO: Se observa decoloración del concreto y acumulación de polvo en la superficie. Además, se presentan rastros de eflorescencia.
B24: 12 | C24: 45715 | D24: PANTALLA DE ESTRIBO IZQUIERDO: Se observa decoloración del concreto y acumulación de polvo en la superficie.
... B44: 32 | C44: 45715 | D44: SEÑAL INFORMATIVA DEL ACCESO IZQUIERDO: Solo se cuenta con un cartel informativo en el acceso izquierdo, indicando el nombre, la longitud y la capacidad máxima del puente. Los postes con picaduras de oxido.

Sheet G.- CONDICION ESTADISTICA
A3: =+'A-D.- FICHA'!C4 -> PUENTE AGUA BLANCA
C4: PUENTE AGUA BLANCA
A5: G.1 : CONDICION ESTADISTICA DEL PUENTE
A7: =+CONCATENATE("NOMBRE: ",'A-D.- FICHA'!J9) -> NOMBRE: PUENTE AGUA BLANCA | D7: Ruta: | E7: =+'A-D.- FICHA'!P15 -> MO-100 | I7: PROGRESIVA : | L7: =+'A-D.- FICHA'!P17 -> 30298
A9: tabla 1
A10: CODIGO | B10: DESCRIPCION | C10: METRADO | D10: UND. | E10: Factor de Importancia | F10: CALIFICACION (%) | L10: CONDICION ESTADISTICA DEL PUENTE
F11: 0 | G11: 1 | H11: 2 | I11: 3 | J11: 4 | K11: 5
F12: Muy Bueno | G12: Bueno | H12: Satisfactorio | I12: Marginal | J12: Pobre | K12: Muy Pobre | M12: =IF(L13>4,"MUY MALO",IF(L13>3,"MALO",IF(L13>2,"REGULAR","BUENO"))) -> REGULAR
L13: =+E191 -> 2.070086 | N13: verificaciones
A14: 104 | B14: =+IF(A14=0," ",VLOOKUP(A14,'F.- ELEMENTOS'!$C$73:$E$184,3)) -> Losa de concreto armado (Refuerzo Transversal) | C14: =4.7*0.2*31.2 -> 29.328 | D14: =+IF(A14=0," ",VLOOKUP(A14,'F.- ELEMENTOS'!$C$73:$I$184,7)) -> m3 | E14: =+IF(A14=0,,VLOOKUP(A14,'F.- ELEMENTOS'!$C$73:$J$184,8)) -> 0.6 | G14: 100 | N14: =SUM(F14:K14) -> 100 | O14: =+IF(N14<=100,+IF(N14=100,"Ok",""),"se pasa") -> Ok
A15: 110 | B15: =+IF(A15=0," ",VLOOKUP(A15,'F.- ELEMENTOS'!$C$73:$E$184,3)) -> Viga Principales concreto armado | C15: =66.05*0.5*2 -> 66.05 | D15: =+IF(A15=0," ",VLOOKUP(A15,'F.- ELEMENTOS'!$C$73:$I$184,7)) -> m3 | E15: =+IF(A15=0,,VLOOKUP(A15,'F.- ELEMENTOS'!$C$73:$J$184,8)) -> 1 | G15: 90 | H15: 10 | N15: =SUM(F15:K15) -> 100 | O15: =+IF(N15<=100,+IF(N15=100,"Ok",""),"se pasa") -> Ok
A16: 111 | B16: =+IF(A16=0," ",VLOOKUP(A16,'F.- ELEMENTOS'!$C$73:$E$184,3)) -> Vigas Secundarias de concreto armado | C16: =0.375*5*3.5 -> 6.5625 | D16: =+IF(A16=0," ",VLOOKUP(A16,'F.- ELEMENTOS'!$C$73:$I$184,7)) -> m3 | E16: =+IF(A16=0,,VLOOKUP(A16,'F.- ELEMENTOS'!$C$73:$J$184,8)) -> 0.8 | G16: 100 | N16: =SUM(F16:K16) -> 100 | O16: =+IF(N16<=100,+IF(N16=100,"Ok",""),"se pasa") -> Ok
A17: 202 | B17: =+IF(A17=0," ",VLOOKUP(A17,'F.- ELEMENTOS'!$C$73:$E$184,3)) -> Elevación Cuerpo del Estribo de Concreto Armado | C17: =12.78*2*4.7 -> 120.132 | D17: =+IF(A17=0," ",VLOOKUP(A17,'F.- ELEMENTOS'!$C$73:$I$184,7)) -> m3 | E17: =+IF(A17=0,,VLOOKUP(A17,'F.- ELEMENTOS'!$C$73:$J$184,8)) -> 1 | G17: 100 | N17: =SUM(F17:K17) -> 100 | O17: =+IF(N17<=100,+IF(N17=100,"Ok",""),"se pasa") -> Ok
A18: 205 | B18: =+IF(A18=0," ",VLOOKUP(A18,'F.- ELEMENTOS'!$C$73:$E$184,3)) -> Elevación Alas del Estribo de Concreto Armado | C18: =3.5*0.3*5.3*4 -> 22.26 | D18: =+IF(A18=0," ",VLOOKUP(A18,'F.- ELEMENTOS'!$C$73:$I$184,7)) -> m3 | E18: =+IF(A18=0,,VLOOKUP(A18,'F.- ELEMENTOS'!$C$73:$J$184,8)) -> 0.6 | G18: 100 | N18: =SUM(F18:K18) -> 100 | O18: =+IF(N18<=100,+IF(N18=100,"Ok",""),"se pasa") -> Ok
A19: 302 | B19: =+IF(A19=0," ",VLOOKUP(A19,'F.- ELEMENTOS'!$C$73:$E$184,3)) -> Capa Concreto Pobre | C19: =31.2*3.5 -> 109.2 | D19: =+IF(A19=0," ",VLOOKUP(A19,'F.- ELEMENTOS'!$C$73:$I$184,7)) -> m2 | E19: =+IF(A19=0,,VLOOKUP(A19,'F.- ELEMENTOS'!$C$73:$J$184,8)) -> 0.4 | G19: 100 | N19: =SUM(F19:K19) -> 100 | O19: =+IF(N19<=100,+IF(N19=100,"Ok",""),"se pasa") -> Ok
A20: 311 | B20: =+IF(A20=0," ",VLOOKUP(A20,'F.- ELEMENTOS'!$C$73:$E$184,3)) -> Vereda Concreto | C20: =31.2*0.6*2 -> 37.44 | D20: =+IF(A20=0," ",VLOOKUP(A20,'F.- ELEMENTOS'!$C$73:$I$184,7)) -> m2 | E20: =+IF(A20=0,,VLOOKUP(A20,'F.- ELEMENTOS'!$C$73:$J$184,8)) -> 0.2 | G20: 90 | I20: 10 | N20: =SUM(F20:K20) -> 100 | O20: =+IF(N20<=100,+IF(N20=100,"Ok",""),"se pasa") -> Ok
A21: 353 | B21: =+IF(A21=0," ",VLOOKUP(A21,'F.- ELEMENTOS'!$C$73:$E$184,3)) -> Barandas de Acero | C21: =2*31.2 -> 62.4 | D21: =+IF(A21=0," ",VLOOKUP(A21,'F.- ELEMENTOS'!$C$73:$I$184,7)) -> ml | E21: =+IF(A21=0,,VLOOKUP(A21,'F.- ELEMENTOS'!$C$73:$J$184,8)) -> 0.4 | G21: 100 | N21: =SUM(F21:K21) -> 100 | O21: =+IF(N21<=100,+IF(N21=100,"Ok",""),"se pasa") -> Ok
A22: 372 | B22: =+IF(A22=0," ",VLOOKUP(A22,'F.- ELEMENTOS'!$C$73:$E$184,3)) -> Tuberías PVC | C22: 12 | D22: =+IF(A22=0," ",VLOOKUP(A22,'F.- ELEMENTOS'!$C$73:$I$184,7)) -> und. | E22: =+IF(A22=0,,VLOOKUP(A22,'F.- ELEMENTOS'!$C$73:$J$184,8)) -> 0.4 | I22: 100 | N22: =SUM(F22:K22) -> 100 | O22: =+IF(N22<=100,+IF(N22=100,"Ok",""),"se pasa") -> Ok
A23: 401 | B23: =+IF(A23=0," ",VLOOKUP(A23,'F.- ELEMENTOS'!$C$73:$E$184,3)) -> Márgenes del río | C23: 500 | D23: =+IF(A23=0," ",VLOOKUP(A23,'F.- ELEMENTOS'!$C$73:$I$184,7)) -> ml | E23: =+IF(A23=0,,VLOOKUP(A23,'F.- ELEMENTOS'!$C$73:$J$184,8)) -> 0.6 | G23: 75 | H23: 25 | N23: =SUM(F23:K23) -> 100 | O23: =+IF(N23<=100,+IF(N23=100,"Ok",""),"se pasa") -> Ok
A24: 402 | B24: =+IF(A24=0," ",VLOOKUP(A24,'F.- ELEMENTOS'!$C$73:$E$184,3)) -> Lecho del río | C24: 250 | D24: =+IF(A24=0," ",VLOOKUP(A24,'F.- ELEMENTOS'!$C$73:$I$184,7)) -> ml | E24: =+IF(A24=0,,VLOOKUP(A24,'F.- ELEMENTOS'!$C$73:$J$184,8)) -> 0.6 | G24: 100 | N24: =SUM(F24:K24) -> 100 | O24: =+IF(N24<=100,+IF(N24=100,"Ok",""),"se pasa") -> Ok
A25: 501 | B25: =+IF(A25=0," ",VLOOKUP(A25,'F.- ELEMENTOS'!$C$73:$E$184,3)) -> Señalización | C25: 1 | D25: =+IF(A25=0," ",VLOOKUP(A25,'F.- ELEMENTOS'!$C$73:$I$184,7)) -> und. | E25: =+IF(A25=0,,VLOOKUP(A25,'F.- ELEMENTOS'!$C$73:$J$184,8)) -> 0.2 | G25: 100 | N25: =SUM(F25:K25) -> 100 | O25: =+IF(N25<=100,+IF(N25=100,"Ok",""),"se pasa") -> Ok
A26: 511 | B26: =+IF(A26=0," ",VLOOKUP(A26,'F.- ELEMENTOS'!$C$73:$E$184,3)) -> Pavimento/Afirmado | C26: =2*10*3.5 -> 70 | D26: =+IF(A26=0," ",VLOOKUP(A26,'F.- ELEMENTOS'!$C$73:$I$184,7)) -> m2 | E26: =+IF(A26=0,,VLOOKUP(A26,'F.- ELEMENTOS'!$C$73:$J$184,8)) -> 0.2 | G26: 50 | I26: 50 | N26: =SUM(F26:K26) -> 100 | O26: =+IF(N26<=100,+IF(N26=100,"Ok",""),"se pasa") -> Ok
A27: 530 | B27: =+IF(A27=0," ",VLOOKUP(A27,'F.- ELEMENTOS'!$C$73:$E$184,3)) -> Visibilidad | C27: 40 | D27: =+IF(A27=0," ",VLOOKUP(A27,'F.- ELEMENTOS'!$C$73:$I$184,7)) -> ml | E27: =+IF(A27=0,,VLOOKUP(A27,'F.- ELEMENTOS'!$C$73:$J$184,8)) -> 0.2 | H27: 100 | N27: =SUM(F27:K27) -> 100 | O27: =+IF(N27<=100,+IF(N27=100,"Ok",""),"se pasa") -> Ok
N28: =SUM(F28:K28) -> 0 | O28: =+IF(N28<=100,+IF(N28=100,"Ok",""),"se pasa")
N29: =SUM(F29:K29) -> 0 | O29: =+IF(N29<=100,+IF(N29=100,"Ok",""),"se pasa")
N30: =SUM(F30:K30) -> 0 | O30: =+IF(N30<=100,+IF(N30=100,"Ok",""),"se pasa")
N31: =SUM(F31:K31) -> 0 | O31: =+IF(N31<=100,+IF(N31=100,"Ok",""),"se pasa")
N32: =SUM(F32:K32) -> 0 | O32: =+IF(N32<=100,+IF(N32=100,"Ok",""),"se pasa")
N33: =SUM(F33:K33) -> 0 | O33: =+IF(N33<=100,+IF(N33=100,"Ok",""),"se pasa")
N34: =SUM(F34:K34) -> 0 | O34: =+IF(N34<=100,+IF(N34=100,"Ok",""),"se pasa")
N35: =SUM(F35:K35) -> 0 | O35: =+IF(N35<=100,+IF(N35=100,"Ok",""),"se pasa")
B36: =+IF(A36=0," ",VLOOKUP(A36,'F.- ELEMENTOS'!$C$73:$E$184,3)) | D36: =+IF(A36=0," ",VLOOKUP(A36,'F.- ELEMENTOS'!$C$73:$I$184,7)) | N36: =SUM(F36:K36) -> 0 | O36: =+IF(N36<=100,+IF(N36=100,"Ok",""),"se pasa")
B37: =+IF(A37=0," ",VLOOKUP(A37,'F.- ELEMENTOS'!$C$73:$E$184,3)) | D37: =+IF(A37=0," ",VLOOKUP(A37,'F.- ELEMENTOS'!$C$73:$I$184,7))
B38: =+IF(A38=0," ",VLOOKUP(A38,'F.- ELEMENTOS'!$C$73:$E$184,3)) | D38: =+IF(A38=0," ",VLOOKUP(A38,'F.- ELEMENTOS'!$C$73:$I$184,7))
B39: =+IF(A39=0," ",VLOOKUP(A39,'F.- ELEMENTOS'!$C$73:$E$184,3)) | D39: =+IF(A39=0," ",VLOOKUP(A39,'F.- ELEMENTOS'!$C$73:$I$184,7))
B40: =+IF(A40=0," ",VLOOKUP(A40,'F.- ELEMENTOS'!$C$73:$E$184,3)) | D40: =+IF(A40=0," ",VLOOKUP(A40,'F.- ELEMENTOS'!$C$73:$I$184,7))
B41: =+IF(A41=0," ",VLOOKUP(A41,'F.- ELEMENTOS'!$C$73:$E$184,3)) | D41: =+IF(A41=0," ",VLOOKUP(A41,'F.- ELEMENTOS'!$C$73:$I$184,7))
B42: =+IF(A42=0," ",VLOOKUP(A42,'F.- ELEMENTOS'!$C$73:$E$184,3)) | D42: =+IF(A42=0," ",VLOOKUP(A42,'F.- ELEMENTOS'!$C$73:$I$184,7))
B43: =+IF(A43=0," ",VLOOKUP(A43,'F.- ELEMENTOS'!$C$73:$E$184,3)) | D43: =+IF(A43=0," ",VLOOKUP(A43,'F.- ELEMENTOS'!$C$73:$I$184,7))
B44: =+IF(A44=0," ",VLOOKUP(A44,'F.- ELEMENTOS'!$C$73:$E$184,3)) | D44: =+IF(A44=0," ",VLOOKUP(A44,'F.- ELEMENTOS'!$C$73:$I$184,7))
N46: SI(A26=0," ",BUSCARV(A26,'CONDICION ESTADISTICA'!$B$143:$D$235,3))
A48: tabla 2 | B48: AJUSTES DE PORCENTAJE POR UMBRAL (%campo * 100 / %umbral) | F48: 25 | G48: 25 | H48: 25 | I48: 25 | J48: 25 | K48: 3
A49: NRO. | B49: DESCRIPCION | F49: CALIFICACION | L49: OBSERVACIONES
F50: 0 | G50: 1 | H50: 2 | I50: 3 | J50: 4 | K50: 5
A51: =+A14 -> 104 | B51: =+B14 -> Losa de concreto armado (Refuerzo Transversal) | F51: =+F14/F$48*100 -> 0 | G51: =+G14/G$48*100 -> 400 | H51: =+H14/H$48*100 -> 0 | I51: =+I14/I$48*100 -> 0 | J51: =+J14/J$48*100 -> 0 | K51: =+K14/K$48*100 -> 0
A52: =+A15 -> 110 | B52: =+B15 -> Viga Principales concreto armado | F52: =+F15/F$48*100 -> 0 | G52: =+G15/G$48*100 -> 360 | H52: =+H15/H$48*100 -> 40 | I52: =+I15/I$48*100 -> 0 | J52: =+J15/J$48*100 -> 0 | K52: =+K15/K$48*100 -> 0
A53: =+A16 -> 111 | B53: =+B16 -> Vigas Secundarias de concreto armado | F53: =+F16/F$48*100 -> 0 | G53: =+G16/G$48*100 -> 400 | H53: =+H16/H$48*100 -> 0 | I53: =+I16/I$48*100 -> 0 | J53: =+J16/J$48*100 -> 0 | K53: =+K16/K$48*100 -> 0
A54: =+A17 -> 202 | B54: =+B17 -> Elevación Cuerpo del Estribo de Concreto Armado | F54: =+F17/F$48*100 -> 0 | G54: =+G17/G$48*100 -> 400 | H54: =+H17/H$48*100 -> 0 | I54: =+I17/I$48*100 -> 0 | J54: =+J17/J$48*100 -> 0 | K54: =+K17/K$48*100 -> 0
A55: =+A18 -> 205 | B55: =+B18 -> Elevación Alas del Estribo de Concreto Armado | F55: =+F18/F$48*100 -> 0 | G55: =+G18/G$48*100 -> 400 | H55: =+H18/H$48*100 -> 0 | I55: =+I18/I$48*100 -> 0 | J55: =+J18/J$48*100 -> 0 | K55: =+K18/K$48*100 -> 0
A56: =+A19 -> 302 | B56: =+B19 -> Capa Concreto Pobre | F56: =+F19/F$48*100 -> 0 | G56: =+G19/G$48*100 -> 400 | H56: =+H19/H$48*100 -> 0 | I56: =+I19/I$48*100 -> 0 | J56: =+J19/J$48*100 -> 0 | K56: =+K19/K$48*100 -> 0
A57: =+A20 -> 311 | B57: =+B20 -> Vereda Concreto | F57: =+F20/F$48*100 -> 0 | G57: =+G20/G$48*100 -> 360 | H57: =+H20/H$48*100 -> 0 | I57: =+I20/I$48*100 -> 40 | J57: =+J20/J$48*100 -> 0 | K57: =+K20/K$48*100 -> 0
A58: =+A21 -> 353 | B58: =+B21 -> Barandas de Acero | F58: =+F21/F$48*100 -> 0 | G58: =+G21/G$48*100 -> 400 | H58: =+H21/H$48*100 -> 0 | I58: =+I21/I$48*100 -> 0 | J58: =+J21/J$48*100 -> 0 | K58: =+K21/K$48*100 -> 0
A59: =+A22 -> 372 | B59: =+B22 -> Tuberías PVC | F59: =+F22/F$48*100 -> 0 | G59: =+G22/G$48*100 -> 0 | H59: =+H22/H$48*100 -> 0 | I59: =+I22/I$48*100 -> 400 | J59: =+J22/J$48*100 -> 0 | K59: =+K22/K$48*100 -> 0
A60: =+A23 -> 401 | B60: =+B23 -> Márgenes del río | F60: =+F23/F$48*100 -> 0 | G60: =+G23/G$48*100 -> 300 | H60: =+H23/H$48*100 -> 100 | I60: =+I23/I$48*100 -> 0 | J60: =+J23/J$48*100 -> 0 | K60: =+K23/K$48*100 -> 0
A61: =+A24 -> 402 | B61: =+B24 -> Lecho del río | F61: =+F24/F$48*100 -> 0 | G61: =+G24/G$48*100 -> 400 | H61: =+H24/H$48*100 -> 0 | I61: =+I24/I$48*100 -> 0 | J61: =+J24/J$48*100 -> 0 | K61: =+K24/K$48*100 -> 0
A62: =+A25 -> 501 | B62: =+B25 -> Señalización | F62: =+F25/F$48*100 -> 0 | G62: =+G25/G$48*100 -> 400 | H62: =+H25/H$48*100 -> 0 | I62: =+I25/I$48*100 -> 0 | J62: =+J25/J$48*100 -> 0 | K62: =+K25/K$48*100 -> 0
... A65: =+A28 -> 0 | B65: =+B28 -> 0 | F65: =+F28/F$48*100 -> 0 | G65: =+G28/G$48*100 -> 0 | H65: =+H28/H$48*100 -> 0 | I65: =+I28/I$48*100 -> 0 | J65: =+J28/J$48*100 -> 0 | K65: =+K28/K$48*100 -> 0
A66: =+A30 -> 0 | B66: =+B30 -> 0 | F66: =+F30/F$48*100 -> 0 | G66: =+G30/G$48*100 -> 0 | H66: =+H30/H$48*100 -> 0 | I66: =+I30/I$48*100 -> 0 | J66: =+J30/J$48*100 -> 0 | K66: =+K30/K$48*100 -> 0
A67: =+A31 -> 0 | B67: =+B31 -> 0 | F67: =+F31/F$48*100 -> 0 | G67: =+G31/G$48*100 -> 0 | H67: =+H31/H$48*100 -> 0 | I67: =+I31/I$48*100 -> 0 | J67: =+J31/J$48*100 -> 0 | K67: =+K31/K$48*100 -> 0
A68: =+A32 -> 0 | B68: =+B32 -> 0 | F68: =+F32/F$48*100 -> 0 | G68: =+G32/G$48*100 -> 0 | H68: =+H32/H$48*100 -> 0 | I68: =+I32/I$48*100 -> 0 | J68: =+J32/J$48*100 -> 0 | K68: =+K32/K$48*100 -> 0
A69: =+A33 -> 0 | B69: =+B33 -> 0 | F69: =+F33/F$48*100 -> 0 | G69: =+G33/G$48*100 -> 0 | H69: =+H33/H$48*100 -> 0 | I69: =+I33/I$48*100 -> 0 | J69: =+J33/J$48*100 -> 0 | K69: =+K33/K$48*100 -> 0
A70: =+A34 -> 0 | B70: =+B34 -> 0 | F70: =+F34/F$48*100 -> 0 | G70: =+G34/G$48*100 -> 0 | H70: =+H34/H$48*100 -> 0 | I70: =+I34/I$48*100 -> 0 | J70: =+J34/J$48*100 -> 0 | K70: =+K34/K$48*100 -> 0
A71: =+A35 -> 0 | B71: =+B35 -> 0 | F71: =+F35/F$48*100 -> 0 | G71: =+G35/G$48*100 -> 0 | H71: =+H35/H$48*100 -> 0 | I71: =+I35/I$48*100 -> 0 | J71: =+J35/J$48*100 -> 0 | K71: =+K35/K$48*100 -> 0
A72: =+A36 -> 0 | B72: =+B36 | F72: =+F36/F$48*100 -> 0 | G72: =+G36/G$48*100 -> 0 | H72: =+H36/H$48*100 -> 0 | I72: =+I36/I$48*100 -> 0 | J72: =+J36/J$48*100 -> 0 | K72: =+K36/K$48*100 -> 0
A73: =+A37 -> 0 | B73: =+B37 | F73: =+F37/F$48*100 -> 0 | G73: =+G37/G$48*100 -> 0 | H73: =+H37/H$48*100 -> 0 | I73: =+I37/I$48*100 -> 0 | J73: =+J37/J$48*100 -> 0 | K73: =+K37/K$48*100 -> 0
A74: =+A38 -> 0 | B74: =+B38 | F74: =+F38/F$48*100 -> 0 | G74: =+G38/G$48*100 -> 0 | H74: =+H38/H$48*100 -> 0 | I74: =+I38/I$48*100 -> 0 | J74: =+J38/J$48*100 -> 0 | K74: =+K38/K$48*100 -> 0
A75: =+A39 -> 0 | B75: =+B39 | F75: =+F39/F$48*100 -> 0 | G75: =+G39/G$48*100 -> 0 | H75: =+H39/H$48*100 -> 0 | I75: =+I39/I$48*100 -> 0 | J75: =+J39/J$48*100 -> 0 | K75: =+K39/K$48*100 -> 0
A76: =+A40 -> 0 | B76: =+B40 | F76: =+F40/F$48*100 -> 0 | G76: =+G40/G$48*100 -> 0 | H76: =+H40/H$48*100 -> 0 | I76: =+I40/I$48*100 -> 0 | J76: =+J40/J$48*100 -> 0 | K76: =+K40/K$48*100 -> 0
A77: =+A41 -> 0 | B77: =+B41 | F77: =+F41/F$48*100 -> 0 | G77: =+G41/G$48*100 -> 0 | H77: =+H41/H$48*100 -> 0 | I77: =+I41/I$48*100 -> 0 | J77: =+J41/J$48*100 -> 0 | K77: =+K41/K$48*100 -> 0
... A80: =+A44 -> 0 | B80: =+B44 | F80: =+F44/F$48*100 -> 0 | G80: =+G44/G$48*100 -> 0 | H80: =+H44/H$48*100 -> 0 | I80: =+I44/I$48*100 -> 0 | J80: =+J44/J$48*100 -> 0 | K80: =+K44/K$48*100 -> 0
A84: tabla 3 | B84: SUMA DE PORCENTAJES AJUSTADOS DE CONDIC PARA C/ELEM (hasta pasar el 100%)
A85: NRO. | B85: DESCRIPCION | F85: CALIFICACION
F86: 0 | G86: 1 | H86: 2 | I86: 3 | J86: 4 | K86: 5
A87: =+A14 -> 104 | B87: =+B14 -> Losa de concreto armado (Refuerzo Transversal) | F87: =IF(OR(G87>=100,H87>=100,I87>=100),0,+G87+F51) -> 0 | G87: =IF(OR(H87>=100,I87>=100),0,+H87+G51) -> 400 | H87: =IF(I87>=100,0,+I87+H51) -> 0 | I87: =IF(J87>100,0,+J87+I51) -> 0 | J87: =IF(K87>100,0,+K87+J51) -> 0 | K87: =+K51 -> 0
A88: =+A15 -> 110 | B88: =+B15 -> Viga Principales concreto armado | F88: =IF(OR(G88>=100,H88>=100,I88>=100),0,+G88+F52) -> 0 | G88: =IF(OR(H88>=100,I88>=100),0,+H88+G52) -> 400 | H88: =IF(I88>=100,0,+I88+H52) -> 40 | I88: =IF(J88>100,0,+J88+I52) -> 0 | J88: =IF(K88>100,0,+K88+J52) -> 0 | K88: =+K52 -> 0
A89: =+A16 -> 111 | B89: =+B16 -> Vigas Secundarias de concreto armado | F89: =IF(OR(G89>=100,H89>=100,I89>=100),0,+G89+F53) -> 0 | G89: =IF(OR(H89>=100,I89>=100),0,+H89+G53) -> 400 | H89: =IF(I89>=100,0,+I89+H53) -> 0 | I89: =IF(J89>100,0,+J89+I53) -> 0 | J89: =IF(K89>100,0,+K89+J53) -> 0 | K89: =+K53 -> 0
A90: =+A17 -> 202 | B90: =+B17 -> Elevación Cuerpo del Estribo de Concreto Armado | F90: =IF(OR(G90>=100,H90>=100,I90>=100),0,+G90+F54) -> 0 | G90: =IF(OR(H90>=100,I90>=100),0,+H90+G54) -> 400 | H90: =IF(I90>=100,0,+I90+H54) -> 0 | I90: =IF(J90>100,0,+J90+I54) -> 0 | J90: =IF(K90>100,0,+K90+J54) -> 0 | K90: =+K54 -> 0
A91: =+A18 -> 205 | B91: =+B18 -> Elevación Alas del Estribo de Concreto Armado | F91: =IF(OR(G91>=100,H91>=100,I91>=100),0,+G91+F55) -> 0 | G91: =IF(OR(H91>=100,I91>=100),0,+H91+G55) -> 400 | H91: =IF(I91>=100,0,+I91+H55) -> 0 | I91: =IF(J91>100,0,+J91+I55) -> 0 | J91: =IF(K91>100,0,+K91+J55) -> 0 | K91: =+K55 -> 0
A92: =+A19 -> 302 | B92: =+B19 -> Capa Concreto Pobre | F92: =IF(OR(G92>=100,H92>=100,I92>=100),0,+G92+F56) -> 0 | G92: =IF(OR(H92>=100,I92>=100),0,+H92+G56) -> 400 | H92: =IF(I92>=100,0,+I92+H56) -> 0 | I92: =IF(J92>100,0,+J92+I56) -> 0 | J92: =IF(K92>100,0,+K92+J56) -> 0 | K92: =+K56 -> 0
A93: =+A20 -> 311 | B93: =+B20 -> Vereda Concreto | F93: =IF(OR(G93>=100,H93>=100,I93>=100),0,+G93+F57) -> 0 | G93: =IF(OR(H93>=100,I93>=100),0,+H93+G57) -> 400 | H93: =IF(I93>=100,0,+I93+H57) -> 40 | I93: =IF(J93>100,0,+J93+I57) -> 40 | J93: =IF(K93>100,0,+K93+J57) -> 0 | K93: =+K57 -> 0
A94: =+A21 -> 353 | B94: =+B21 -> Barandas de Acero | F94: =IF(OR(G94>=100,H94>=100,I94>=100),0,+G94+F58) -> 0 | G94: =IF(OR(H94>=100,I94>=100),0,+H94+G58) -> 400 | H94: =IF(I94>=100,0,+I94+H58) -> 0 | I94: =IF(J94>100,0,+J94+I58) -> 0 | J94: =IF(K94>100,0,+K94+J58) -> 0 | K94: =+K58 -> 0
A95: =+A22 -> 372 | B95: =+B22 -> Tuberías PVC | F95: =IF(OR(G95>=100,H95>=100,I95>=100),0,+G95+F59) -> 0 | G95: =IF(OR(H95>=100,I95>=100),0,+H95+G59) -> 0 | H95: =IF(I95>=100,0,+I95+H59) -> 0 | I95: =IF(J95>100,0,+J95+I59) -> 400 | J95: =IF(K95>100,0,+K95+J59) -> 0 | K95: =+K59 -> 0
A96: =+A23 -> 401 | B96: =+B23 -> Márgenes del río | F96: =IF(OR(G96>=100,H96>=100,I96>=100),0,+G96+F60) -> 0 | G96: =IF(OR(H96>=100,I96>=100),0,+H96+G60) -> 0 | H96: =IF(I96>=100,0,+I96+H60) -> 100 | I96: =IF(J96>100,0,+J96+I60) -> 0 | J96: =IF(K96>100,0,+K96+J60) -> 0 | K96: =+K60 -> 0
A97: =+A24 -> 402 | B97: =+B24 -> Lecho del río | F97: =IF(OR(G97>=100,H97>=100,I97>=100),0,+G97+F61) -> 0 | G97: =IF(OR(H97>=100,I97>=100),0,+H97+G61) -> 400 | H97: =IF(I97>=100,0,+I97+H61) -> 0 | I97: =IF(J97>100,0,+J97+I61) -> 0 | J97: =IF(K97>100,0,+K97+J61) -> 0 | K97: =+K61 -> 0
A98: =+A25 -> 501 | B98: =+B25 -> Señalización | F98: =IF(OR(G98>=100,H98>=100,I98>=100),0,+G98+F62) -> 0 | G98: =IF(OR(H98>=100,I98>=100),0,+H98+G62) -> 400 | H98: =IF(I98>=100,0,+I98+H62) -> 0 | I98: =IF(J98>100,0,+J98+I62) -> 0 | J98: =IF(K98>100,0,+K98+J62) -> 0 | K98: =+K62 -> 0
... A101: =+A28 -> 0 | B101: =+B28 -> 0 | F101: =IF(OR(G101>=100,H101>=100,I101>=100),0,+G101+F65) -> 0 | G101: =IF(OR(H101>=100,I101>=100),0,+H101+G65) -> 0 | H101: =IF(I101>=100,0,+I101+H65) -> 0 | I101: =IF(J101>100,0,+J101+I65) -> 0 | J101: =IF(K101>100,0,+K101+J65) -> 0 | K101: =+K65 -> 0
A102: =+A30 -> 0 | B102: =+B30 -> 0 | F102: =IF(OR(G102>=100,H102>=100,I102>=100),0,+G102+F66) -> 0 | G102: =IF(OR(H102>=100,I102>=100),0,+H102+G66) -> 0 | H102: =IF(I102>=100,0,+I102+H66) -> 0 | I102: =IF(J102>100,0,+J102+I66) -> 0 | J102: =IF(K102>100,0,+K102+J66) -> 0 | K102: =+K66 -> 0
A103: =+A31 -> 0 | B103: =+B31 -> 0 | F103: =IF(OR(G103>=100,H103>=100,I103>=100),0,+G103+F67) -> 0 | G103: =IF(OR(H103>=100,I103>=100),0,+H103+G67) -> 0 | H103: =IF(I103>=100,0,+I103+H67) -> 0 | I103: =IF(J103>100,0,+J103+I67) -> 0 | J103: =IF(K103>100,0,+K103+J67) -> 0 | K103: =+K67 -> 0
A104: =+A32 -> 0 | B104: =+B32 -> 0 | F104: =IF(OR(G104>=100,H104>=100,I104>=100),0,+G104+F68) -> 0 | G104: =IF(OR(H104>=100,I104>=100),0,+H104+G68) -> 0 | H104: =IF(I104>=100,0,+I104+H68) -> 0 | I104: =IF(J104>100,0,+J104+I68) -> 0 | J104: =IF(K104>100,0,+K104+J68) -> 0 | K104: =+K68 -> 0
A105: =+A33 -> 0 | B105: =+B33 -> 0 | F105: =IF(OR(G105>=100,H105>=100,I105>=100),0,+G105+F69) -> 0 | G105: =IF(OR(H105>=100,I105>=100),0,+H105+G69) -> 0 | H105: =IF(I105>=100,0,+I105+H69) -> 0 | I105: =IF(J105>100,0,+J105+I69) -> 0 | J105: =IF(K105>100,0,+K105+J69) -> 0 | K105: =+K69 -> 0
A106: =+A34 -> 0 | B106: =+B34 -> 0 | F106: =IF(OR(G106>=100,H106>=100,I106>=100),0,+G106+F70) -> 0 | G106: =IF(OR(H106>=100,I106>=100),0,+H106+G70) -> 0 | H106: =IF(I106>=100,0,+I106+H70) -> 0 | I106: =IF(J106>100,0,+J106+I70) -> 0 | J106: =IF(K106>100,0,+K106+J70) -> 0 | K106: =+K70 -> 0
A107: =+A35 -> 0 | B107: =+B35 -> 0 | F107: =IF(OR(G107>=100,H107>=100,I107>=100),0,+G107+F71) -> 0 | G107: =IF(OR(H107>=100,I107>=100),0,+H107+G71) -> 0 | H107: =IF(I107>=100,0,+I107+H71) -> 0 | I107: =IF(J107>100,0,+J107+I71) -> 0 | J107: =IF(K107>100,0,+K107+J71) -> 0 | K107: =+K71 -> 0
A108: =+A36 -> 0 | B108: =+B36 | F108: =IF(OR(G108>=100,H108>=100,I108>=100),0,+G108+F72) -> 0 | G108: =IF(OR(H108>=100,I108>=100),0,+H108+G72) -> 0 | H108: =IF(I108>=100,0,+I108+H72) -> 0 | I108: =IF(J108>100,0,+J108+I72) -> 0 | J108: =IF(K108>100,0,+K108+J72) -> 0 | K108: =+K72 -> 0
A109: =+A37 -> 0 | B109: =+B37 | F109: =IF(OR(G109>=100,H109>=100,I109>=100),0,+G109+F73) -> 0 | G109: =IF(OR(H109>=100,I109>=100),0,+H109+G73) -> 0 | H109: =IF(I109>=100,0,+I109+H73) -> 0 | I109: =IF(J109>100,0,+J109+I73) -> 0 | J109: =IF(K109>100,0,+K109+J73) -> 0 | K109: =+K73 -> 0
A110: =+A38 -> 0 | B110: =+B38 | F110: =IF(OR(G110>=100,H110>=100,I110>=100),0,+G110+F74) -> 0 | G110: =IF(OR(H110>=100,I110>=100),0,+H110+G74) -> 0 | H110: =IF(I110>=100,0,+I110+H74) -> 0 | I110: =IF(J110>100,0,+J110+I74) -> 0 | J110: =IF(K110>100,0,+K110+J74) -> 0 | K110: =+K74 -> 0
A111: =+A39 -> 0 | B111: =+B39 | F111: =IF(OR(G111>=100,H111>=100,I111>=100),0,+G111+F75) -> 0 | G111: =IF(OR(H111>=100,I111>=100),0,+H111+G75) -> 0 | H111: =IF(I111>=100,0,+I111+H75) -> 0 | I111: =IF(J111>100,0,+J111+I75) -> 0 | J111: =IF(K111>100,0,+K111+J75) -> 0 | K111: =+K75 -> 0
A112: =+A40 -> 0 | B112: =+B40 | F112: =IF(OR(G112>=100,H112>=100,I112>=100),0,+G112+F76) -> 0 | G112: =IF(OR(H112>=100,I112>=100),0,+H112+G76) -> 0 | H112: =IF(I112>=100,0,+I112+H76) -> 0 | I112: =IF(J112>100,0,+J112+I76) -> 0 | J112: =IF(K112>100,0,+K112+J76) -> 0 | K112: =+K76 -> 0
A113: =+A41 -> 0 | B113: =+B41 | F113: =IF(OR(G113>=100,H113>=100,I113>=100),0,+G113+F77) -> 0 | G113: =IF(OR(H113>=100,I113>=100),0,+H113+G77) -> 0 | H113: =IF(I113>=100,0,+I113+H77) -> 0 | I113: =IF(J113>100,0,+J113+I77) -> 0 | J113: =IF(K113>100,0,+K113+J77) -> 0 | K113: =+K77 -> 0
... A116: =+A44 -> 0 | B116: =+B44 | F116: =IF(OR(G116>=100,H116>=100,I116>=100),0,+G116+F80) -> 0 | G116: =IF(OR(H116>=100,I116>=100),0,+H116+G80) -> 0 | H116: =IF(I116>=100,0,+I116+H80) -> 0 | I116: =IF(J116>100,0,+J116+I80) -> 0 | J116: =IF(K116>100,0,+K116+J80) -> 0 | K116: =+K80 -> 0
A119: tabla 4 | B119: REAJUSTE DE VALORES PARA SUMAR 100% (eliminar valores negativos)
...

Sheet CONCLUSIONES
B4: FICHA SCAP
B6: SECCION (G): RESUMEN DE LA CONDICION DEL PUENTE Y RECOMENDACIONES
C9: G.2 : OBSERVACIONES Y RECOMENDACIONES
B12: NOMBRE | D12: =+Hoja3!C11 -> PUENTE AGUA BLANCA
B13: RUTA | D13: =+Hoja3!C7 -> MO-100
B14: PROGRESIVA | D14: =+Hoja3!C10 -> 30298
B17: OBSERVACIONES | F17: RECOMENDACIONES
B18: ACCIONES NORMATIVAS :
B19: =_xlfn.CONCAT("De acuerdo a la evaluación realizada al ",'A-D.- FICHA'!J9:L9," y a los terminos de referencia (Gestión y relevamiento de Puentes); de ser necesario, corresponde realizar acciones normativas.") -> De acuerdo a la evaluación realizada al PUENTE AGUA BLANCA y a los terminos de referencia (Gestión y relevamiento de Puentes); de ser necesario, corresponde realizar acciones normativas.
B28: ACCIONES PREVENTIVAS :
B29: =+_xlfn.CONCAT("De acuerdo a la evaluación realizada al Puente ",'A-D.- FICHA'!J9:L9," y a los terminos de referencia (Gestión y Relevamiento de Puentes); de ser necesario, corresponde realizar acciones preventivas.") -> De acuerdo a la evaluación realizada al Puente PUENTE AGUA BLANCA y a los terminos de referencia (Gestión y Relevamiento de Puentes); de ser necesario, corresponde realizar acciones preventivas. | E29: Se recomienda que se cumpla con las especificaciones técnicas de los materiales y el procedimiento adecuado de las actividades de conservación rutinaria y periodica. Al concluir el periodo de intervención se recomienda programar periódicamente el mantenimiento de los puentes.
B38: ACCIONES EJECUTIVAS :
B39: =_xlfn.CONCAT("De la inspeccion realizada podemos indicar las siguientes conclusiones:", " La evaluación de la condición estadística del ",'A-D.- FICHA'!J9:L9, ", efectuada bajo la metodología SCAP señala que el puente se encuentra en la calificación ",'G.- CONDICION ESTADISTICA'!M12," requiriéndose realizar el mantenimiento rutinario a fin de mejorar e incrementar su vida útil, a continuacion detallamos las acciones a realizar.") -> De la inspeccion realizada podemos indicar las siguientes conclusiones: La evaluación de la condición estadística del PUENTE AGUA BLANCA, efectuada bajo la metodología SCAP señala que el puente se encuentra en la calificación REGULAR requiriéndose realizar el mantenimiento rutinario a fin de mejorar e incrementar su vida útil, a continuacion detallamos las acciones a realizar. | E39: =_xlfn.CONCAT("De la inspección realizada podemos indicar las siguientes conclusiones:"," Realizar el mantenimiento periodico a fin de mejorar e incrementar la vida útil del ",'A-D.- FICHA'!J9:L9,", a continuacion detallamos las acciones a realizar.") -> De la inspección realizada podemos indicar las siguientes conclusiones: Realizar el mantenimiento periodico a fin de mejorar e incrementar la vida útil del PUENTE AGUA BLANCA, a continuacion detallamos las acciones a realizar.
B43: • Limpieza roce y desbroce. • Limpieza de puentes. • Reparación de deterioros superficiales en elementos de concreto. • Reparación de fisuras y grietas en elementos de concreto. • Conservación de barandas. • Conservación de pintado de veredas, sardineles y muros de puentes. | E43: • Limpieza de superficies de puente de concreto. • Tratamiento con pintura cementicia con aditivo antibacterial. • Pintado de elementos de puentes de concreto. • Ampliación y/o reemplazo de drenajes.
B56: FECHA INSPECCION : | D56: ='A-D.- FICHA'!N31 -> 45715
B57: INSPECTOR : | D57: Ing. Martín Pichón.
H58: FIRMA

Sheet AUXILIAR
B3: ELLEMENTOS CONFORMANTES DE UN PUENTE Y SU IMPORTANCIA
B4: Item | C4: Codif. Elemento | D4: 1 | E4: Unidad | F4: Factor Importancia | G4: ELEMENTO
B5: 1 | C5: 101 | D5: Losa de concreto armado (Refuerzo longitudinal) | E5: m3 | F5: 1 | G5: SUPERESTRUCTURA
B6: =1+B5 -> 2 | C6: 102 | D6: Losa de concreto pretensado (Pretensado Longitudinal) | E6: m3 | F6: 1 | G6: SUPERESTRUCTURA | I6: MACRO
B7: =1+B6 -> 3 | C7: 103 | D7: Losa de Concreto Simple | E7: m3 | F7: 0.6 | G7: SUPERESTRUCTURA
B8: =1+B7 -> 4 | C8: 104 | D8: Losa de concreto armado (Refuerzo Transversal) | E8: m3 | F8: 0.6 | G8: SUPERESTRUCTURA
B9: =1+B8 -> 5 | C9: 105 | D9: Losa de concreto pretensado (Pretensado Transversal) | E9: m3 | F9: 0.6 | G9: SUPERESTRUCTURA
B10: =1+B9 -> 6 | C10: 106 | D10: Plancha Metálica Corrugada | E10: m2 | F10: 0.6 | G10: SUPERESTRUCTURA
B11: =1+B10 -> 7 | C11: 107 | D11: Tablero de Madera | E11: ft.2 | F11: 0.6 | G11: SUPERESTRUCTURA
B12: =1+B11 -> 8 | C12: 110 | D12: Viga Principales concreto armado | E12: m3 | F12: 1 | G12: SUPERESTRUCTURA
B13: =1+B12 -> 9 | C13: 111 | D13: Vigas Secundarias de concreto armado | E13: m3 | F13: 0.8 | G13: SUPERESTRUCTURA
B14: =1+B13 -> 10 | C14: 112 | D14: Vigas Principales de concreto pretensado | E14: m3 | F14: 1 | G14: SUPERESTRUCTURA
B15: =1+B14 -> 11 | C15: 113 | D15: Vigas Secundarias de concreto Pretensado | E15: m3 | F15: 0.8 | G15: SUPERESTRUCTURA
B16: =1+B15 -> 12 | C16: 114 | D16: Vigas Principales de Acero Estructural | E16: kg | F16: 1 | G16: SUPERESTRUCTURA
B17: =1+B16 -> 13 | C17: 115 | D17: Vigas Secundarias de Acero | E17: kg | F17: 0.8 | G17: SUPERESTRUCTURA
B18: =1+B17 -> 14 | C18: 116 | D18: Vigas de Madera | E18: ft.2 | F18: 1 | G18: SUPERESTRUCTURA
... B116: =1+B115 -> 112 | C116: 530 | D116: Visibilidad | E116: ml | F116: 0.2 | G116: ACCESOS

Sheet Hoja1
E2: GUIA PARA LA INSPECCION, EVALUACION Y MANTENIMIENTO DE PUENTES
A6: METODOLOGÍA PARA EVALUACION DE PUENTES
A8: CONDICION ESTADISTICA DE LOS ELEMENTOS Y DEL PUENTE
A10: Algoritmos para el análisis.
A12: En esta sección se describe los principales criterios empleados para las opciones de análisis. Los criterios y metodologías, se utilizan al escribir los códigos.
A15: 1 - Concepto de condición estadística
A17: Está sección del presente Manual contiene una explicación y fundamentación ampliada respecto a los procedimientos de cálculo para encontrar un numero que califique la condición, sea de un elemento como del puente.
A21: Se introduce el concepto de condición estadística, como aquel numero que califique la situación del puente y de cada uno de sus elementos. Este valor se deduce de la condición en campo, que corresponde a varios números, expresados en la forma de porcentajes de la situación del elemento en la escala de 0 a 5.
A26: En la condición en campo, la situación del elemento está definida por porcentajes, uno para cada escala. Está condición, está relacionada directamente con las necesidades de reparación o sustitución del elemento.
A30: La condición estadística, corresponde a un solo número que calificaría situación integral del elemento. Es utilizada para el cálculo de la condición del puente, y de ahí para la priorización. Obsérvese que puede darse el caso de varias condiciones de campo que conduzcan a un mismo valor de condición estadística.
A35: En esta sección se describen los criterios y metodologías empleados para las opciones de análisis.
A37: 2 - Condición estadística de un elemento
A39: Como se menciono, se introduce el concepto de condición estadística que simplifica en un número, la información de la condición del elemento proveniente, del trabajo de campo.
A42: La condición del elemento evaluada en campo, se expresa, según se ilustra en la Tabla 1, para un puente hipotético, como porcentajes para cada nivel de condición, desde 0 (muy bueno), hasta 5 (muy pobre). Así, el elemento 101, tiene el 10% en calidad satisfactoria, el 40% como bueno y el 50% como muy bueno.
B47: Tabla 1
B48: Ejemplo para la condición de cuatro elementos de un puente, según evaluación de campo.
B49: Porcentajes de la condición para cada elemento
A50: Elemento | C50: Nivel de la condición
C51: 5 | D51: 4 | E51: 3 | F51: 2 | G51: 1 | H51: 0 | I51: Total %
C52: Muy pobre | D52: Pobre | E52: Marginal | F52: Satisfactorio | G52: Bueno | H52: Muy Bueno
A53: 101 | C53: 0 | D53: 0 | E53: 0 | F53: 10 | G53: 40 | H53: 50 | I53: =SUM(C53:H53) -> 100
A54: 201 | C54: 0 | D54: 20 | E54: 20 | F54: 20 | G54: 20 | H54: 20 | I54: =SUM(C54:H54) -> 100
A55: 301 | C55: 10 | D55: 20 | E55: 50 | F55: 20 | G55: 0 | H55: 0 | I55: =SUM(C55:H55) -> 100
A56: 401 | C56: 2 | D56: 10 | E56: 28 | F56: 30 | G56: 20 | H56: 10 | I56: =SUM(C56:H56) -> 100
A57: 501 | C57: 0 | D57: 0 | E57: 40 | F57: 30 | G57: 20 | H57: 10 | I57: =SUM(C57:H57) -> 100
A59: La intención es expresar está situación dispersa, en un solo número que represente la condición global de cada elemento. EI procedimiento adoptado por el SCAP, es como sigue:
A63: UNIDAD GERENCIAL DE CONSERVACION | I63: 192
A64: AREA DE CONSERVACION DE PUENTES
E67: GUIA PARA LA INSPECCION, EVALUACION Y MANTENIMIENTO DE PUENTES
A71: 2.1 | B71: EI primer paso corresponde a ajustar la distribución de porcentajes, a condiciones umbral. Este ajuste se basa en la percepción, de que si un porcentaje significativo de un elemento está en un nivel dado de condición, entonces el elemento debiera ser evaluado como si totalmente estuviera en esa condición. EI proceso de ajuste corresponde a dividir el porcentaje de distribución de campo por aquel del umbral, y multiplicar el resultado por 100.
B77: Adoptamos un umbral del 3% para el nivel de condición 5, y 25% para los otros estados. Esto significa, por ejemplo, que basta que el 3% del elemento este en la condición 5 (muy pobre), para considerar está situación como la del total del elemento.
B81: Igualmente, si el 25% del elemento está en la condición 4 (pobre), está será la condición del elemento.
B84: El resultado del primer paso para el ejemplo, se muestra en la siguiente Tabla 2.
B86: Tabla 2
B87: Ajustes según porcentaje de umbral (%campo * 100 / %umbral)
B88: Porcentajes ajustados de la condición para cada elemento
A89: Elemento | C89: Nivel de la condición
C90: 5 | D90: 4 | E90: 3 | F90: 2 | G90: 1 | H90: 0 | L90: 5 | M90: 4 | N90: 3 | O90: 2 | P90: 1 | Q90: 0
C91: Muy pobre | D91: Pobre | E91: Marginal | F91: Satisfactorio | G91: Bueno | H91: Muy Bueno | L91: Muy pobre | M91: Pobre | N91: Marginal | O91: Satisfactorio | P91: Bueno | Q91: Muy Bueno
A92: 101 | C92: =ROUNDDOWN(+C53*100/3,0) -> 0 | D92: =ROUNDDOWN(+D53*100/25,0) -> 0 | E92: =ROUNDDOWN(+E53*100/25,0) -> 0 | F92: =ROUNDDOWN(+F53*100/25,0) -> 40 | G92: =ROUNDDOWN(+G53*100/25,0) -> 160 | H92: =ROUNDDOWN(+H53*100/25,0) -> 200 | L92: =+C92 -> 0 | M92: =+C92+D92 -> 0 | N92: =+C92+D92+E92 -> 0 | O92: =+C92+D92+E92+F92 -> 40 | P92: =+C92+D92+E92+F92+G92 -> 200 | Q92: =+C92+D92+E92+F92+G92+H92 -> 400
A93: 201 | C93: =ROUNDDOWN(+C54*100/3,0) -> 0 | D93: =ROUNDDOWN(+D54*100/25,0) -> 80 | E93: =ROUNDDOWN(+E54*100/25,0) -> 80 | F93: =ROUNDDOWN(+F54*100/25,0) -> 80 | G93: =ROUNDDOWN(+G54*100/25,0) -> 80 | H93: =ROUNDDOWN(+H54*100/25,0) -> 80 | L93: =+C93 -> 0 | M93: =+C93+D93 -> 80 | N93: =+C93+D93+E93 -> 160 | O93: =+C93+D93+E93+F93 -> 240 | P93: =+C93+D93+E93+F93+G93 -> 320 | Q93: =+C93+D93+E93+F93+G93+H93 -> 400
A94: 301 | C94: =ROUNDDOWN(+C55*100/3,0) -> 333 | D94: =ROUNDDOWN(+D55*100/25,0) -> 80 | E94: =ROUNDDOWN(+E55*100/25,0) -> 200 | F94: =ROUNDDOWN(+F55*100/25,0) -> 80 | G94: =ROUNDDOWN(+G55*100/25,0) -> 0 | H94: =ROUNDDOWN(+H55*100/25,0) -> 0 | L94: =+C94 -> 333 | M94: =+C94+D94 -> 413 | N94: =+C94+D94+E94 -> 613 | O94: =+C94+D94+E94+F94 -> 693 | P94: =+C94+D94+E94+F94+G94 -> 693 | Q94: =+C94+D94+E94+F94+G94+H94 -> 693
A95: 401 | C95: =ROUNDDOWN(+C56*100/3,0) -> 66 | D95: =ROUNDDOWN(+D56*100/25,0) -> 40 | E95: =ROUNDDOWN(+E56*100/25,0) -> 112 | F95: =ROUNDDOWN(+F56*100/25,0) -> 120 | G95: =ROUNDDOWN(+G56*100/25,0) -> 80 | H95: =ROUNDDOWN(+H56*100/25,0) -> 40 | L95: =+C95 -> 66 | M95: =+C95+D95 -> 106 | N95: =+C95+D95+E95 -> 218 | O95: =+C95+D95+E95+F95 -> 338 | P95: =+C95+D95+E95+F95+G95 -> 418 | Q95: =+C95+D95+E95+F95+G95+H95 -> 458
A96: 501 | C96: =ROUNDDOWN(+C57*100/3,0) -> 0 | D96: =ROUNDDOWN(+D57*100/25,0) -> 0 | E96: =ROUNDDOWN(+E57*100/25,0) -> 160 | F96: =ROUNDDOWN(+F57*100/25,0) -> 120 | G96: =ROUNDDOWN(+G57*100/25,0) -> 80 | H96: =ROUNDDOWN(+H57*100/25,0) -> 40 | L96: =+C96 -> 0 | M96: =+C96+D96 -> 0 | N96: =+C96+D96+E96 -> 160 | O96: =+C96+D96+E96+F96 -> 280 | P96: =+C96+D96+E96+F96+G96 -> 360 | Q96: =+C96+D96+E96+F96+G96+H96 -> 400
A98: 2.2 | B98: En el segundo paso, se acumulan los porcentajes ajustados, desde la condición más pobre a aquella muy buena. La suma se detiene al sobrepasar 100%.
B101: Es importante considerar que el proceso debe efectuarse desde la condición más desfavorable, desde la 5 a la 0. Se establece un criterio conservador al cálculo de la condición estadística del elemento.
B105: EI resultado se presenta en la Tabla 3.
B107: Tabla 3
B108: Suma por elemento comenzando por la condición 5 hasta que la suma exceda de 100%
B109: Suma de porcentajes ajustados de la condición para cada elemento
A110: Elemento | C110: Nivel de la condición
C111: 5 | D111: 4 | E111: 3 | F111: 2 | G111: 1 | H111: 0 | L111: 5 | M111: 4 | N111: 3 | O111: 2 | P111: 1 | Q111: 0
C112: Muy pobre | D112: Pobre | E112: Marginal | F112: Satisfactorio | G112: Bueno | H112: Muy Bueno | L112: Muy pobre | M112: Pobre | N112: Marginal | O112: Satisfactorio | P112: Bueno | Q112: Muy Bueno
A113: 101 | C113: =+IF(L92<100,L92,L92) -> 0 | D113: =+IF(L92<100,M92,0) -> 0 | E113: =+IF(M92<100,N92,0) -> 0 | F113: =+IF(N92<100,O92,0) -> 40 | G113: =+IF(O92<100,P92,0) -> 200 | H113: =+IF(P92<100,Q92,0) -> 0 | L113: =+C113 -> 0 | M113: =+C113+D113 -> 0 | N113: =+C113+D113+E113 -> 0 | O113: =+C113+D113+E113+F113 -> 40 | P113: =+C113+D113+E113+F113+G113 -> 240 | Q113: =+C113+D113+E113+F113+G113+H113 -> 240
A114: 201 | C114: =+IF(L93<100,L93,L93) -> 0 | D114: =+IF(L93<100,M93,0) -> 80 | E114: =+IF(M93<100,N93,0) -> 160 | F114: =+IF(N93<100,O93,0) -> 0 | G114: =+IF(O93<100,P93,0) -> 0 | H114: =+IF(P93<100,Q93,0) -> 0 | L114: =+C114 -> 0 | M114: =+C114+D114 -> 80 | N114: =+C114+D114+E114 -> 240 | O114: =+C114+D114+E114+F114 -> 240 | P114: =+C114+D114+E114+F114+G114 -> 240 | Q114: =+C114+D114+E114+F114+G114+H114 -> 240
A115: 301 | C115: =+IF(L94<100,L94,L94) -> 333 | D115: =+IF(L94<100,M94,0) -> 0 | E115: =+IF(M94<100,N94,0) -> 0 | F115: =+IF(N94<100,O94,0) -> 0 | G115: =+IF(O94<100,P94,0) -> 0 | H115: =+IF(P94<100,Q94,0) -> 0 | L115: =+C115 -> 333 | M115: =+C115+D115 -> 333 | N115: =+C115+D115+E115 -> 333 | O115: =+C115+D115+E115+F115 -> 333 | P115: =+C115+D115+E115+F115+G115 -> 333 | Q115: =+C115+D115+E115+F115+G115+H115 -> 333
A116: 401 | C116: =+IF(L95<100,L95,L95) -> 66 | D116: =+IF(L95<100,M95,0) -> 106 | E116: =+IF(M95<100,N95,0) -> 0 | F116: =+IF(N95<100,O95,0) -> 0 | G116: =+IF(O95<100,P95,0) -> 0 | H116: =+IF(P95<100,Q95,0) -> 0 | L116: =+C116 -> 66 | M116: =+C116+D116 -> 172 | N116: =+C116+D116+E116 -> 172 | O116: =+C116+D116+E116+F116 -> 172 | P116: =+C116+D116+E116+F116+G116 -> 172 | Q116: =+C116+D116+E116+F116+G116+H116 -> 172
A117: 501 | C117: =+IF(L96<100,L96,L96) -> 0 | D117: =+IF(L96<100,M96,0) -> 0 | E117: =+IF(M96<100,N96,0) -> 160 | F117: =+IF(N96<100,O96,0) -> 0 | G117: =+IF(O96<100,P96,0) -> 0 | H117: =+IF(P96<100,Q96,0) -> 0 | L117: =+C117 -> 0 | M117: =+C117+D117 -> 0 | N117: =+C117+D117+E117 -> 160 | O117: =+C117+D117+E117+F117 -> 160 | P117: =+C117+D117+E117+F117+G117 -> 160 | Q117: =+C117+D117+E117+F117+G117+H117 -> 160
A119: 2.3 | B119: Como tercer paso, los porcentajes son reajustados nuevamente, tal que la suma sea igual a 100, que corresponde al total del elemento. EI resultado se muestra en la Tabla 4. Se obtiene así, la condición de umbral.
A128: UNIDAD GERENCIAL DE CONSERVACION | I128: =1+I63 -> 193
A129: AREA DE CONSERVACION DE PUENTES
E132: GUIA PARA LA INSPECCION, EVALUACION Y MANTENIMIENTO DE PUENTES
B136: Tabla 4
B137: Reajuste de valores hasta sumar 100% desde la condicón más desfavorable
B138: Porcentajes , según ajuste final, de la condición para cada elemento
A139: Elemento | C139: Nivel de la condición
C140: 5 | D140: 4 | E140: 3 | F140: 2 | G140: 1 | H140: 0 | I140: Total %
C141: Muy pobre | D141: Pobre | E141: Marginal | F141: Satisfactorio | G141: Bueno | H141: Muy Bueno
A142: 101 | C142: =+IF(L113>100,100,L113) -> 0 | D142: =+IF(L113>=100,0,IF(M113>100,100-L113,D113)) -> 0 | E142: =+IF(M113>=100,0,IF(N113>100,100-M113,E113)) -> 0 | F142: =+IF(N113>=100,0,IF(O113>100,100-N113,F113)) -> 40 | G142: =+IF(O113>=100,0,IF(P113>100,100-O113,G113)) -> 60 | H142: =+IF(P113>=100,0,IF(Q113>100,100-P113,H113)) -> 0 | I142: =SUM(C142:H142) -> 100
A143: 201 | C143: =+IF(L114>100,100,L114) -> 0 | D143: =+IF(L114>=100,0,IF(M114>100,100-L114,D114)) -> 80 | E143: =+IF(M114>=100,0,IF(N114>100,100-M114,E114)) -> 20 | F143: =+IF(N114>=100,0,IF(O114>100,100-N114,F114)) -> 0 | G143: =+IF(O114>=100,0,IF(P114>100,100-O114,G114)) -> 0 | H143: =+IF(P114>=100,0,IF(Q114>100,100-P114,H114)) -> 0 | I143: =SUM(C143:H143) -> 100
A144: 301 | C144: =+IF(L115>100,100,L115) -> 100 | D144: =+IF(L115>=100,0,IF(M115>100,100-L115,D115)) -> 0 | E144: =+IF(M115>=100,0,IF(N115>100,100-M115,E115)) -> 0 | F144: =+IF(N115>=100,0,IF(O115>100,100-N115,F115)) -> 0 | G144: =+IF(O115>=100,0,IF(P115>100,100-O115,G115)) -> 0 | H144: =+IF(P115>=100,0,IF(Q115>100,100-P115,H115)) -> 0 | I144: =SUM(C144:H144) -> 100
A145: 401 | C145: =+IF(L116>100,100,L116) -> 66 | D145: =+IF(L116>=100,0,IF(M116>100,100-L116,D116)) -> 34 | E145: =+IF(M116>=100,0,IF(N116>100,100-M116,E116)) -> 0 | F145: =+IF(N116>=100,0,IF(O116>100,100-N116,F116)) -> 0 | G145: =+IF(O116>=100,0,IF(P116>100,100-O116,G116)) -> 0 | H145: =+IF(P116>=100,0,IF(Q116>100,100-P116,H116)) -> 0 | I145: =SUM(C145:H145) -> 100
A146: 501 | C146: =+IF(L117>100,100,L117) -> 0 | D146: =+IF(L117>=100,0,IF(M117>100,100-L117,D117)) -> 0 | E146: =+IF(M117>=100,0,IF(N117>100,100-M117,E117)) -> 100 | F146: =+IF(N117>=100,0,IF(O117>100,100-N117,F117)) -> 0 | G146: =+IF(O117>=100,0,IF(P117>100,100-O117,G117)) -> 0 | H146: =+IF(P117>=100,0,IF(Q117>100,100-P117,H117)) -> 0 | I146: =SUM(C146:H146) -> 100
A148: 2.4 | B148: Para el último paso, se requiere reducir está condición de umbral a un solo numero que constituirá precisamente la condición estadística del elemento. Se adopta un criterio para la obtención de un promedio pesado por elemento. A fin de darle mayor participación o peso a los valores más desfavorables, se está usando el denominado quinto momento en estadística. Se obtiene de la siguiente manera:
B154: • | C154: Los productos del nivel de condición de umbral (elevado a la quinta) por el porcentaje ajustado (entre 100).
B157: • | C157: La suma de estos productos.
B159: • | C159: La raíz quinta de esta suma.
B161: EI procedimiento se ilustra en la Tabla 5.
B163: Tabla 5
B164: Condición estadística de cada elemento, utilizando el quinto momento
B165: Valor a nivel de condición a la quinta por el porcentaje reajustado
A166: Elemento | C166: Nivel de la condición
C167: 5 | D167: 4 | E167: 3 | F167: 2 | G167: 1 | H167: 0 | I167: Condición estadística
C168: Muy pobre | D168: Pobre | E168: Marginal | F168: Satisfactorio | G168: Bueno | H168: Muy Bueno
A169: 101 | C169: =+C$167^5*C142/100 -> 0 | D169: =+D$167^5*D142/100 -> 0 | E169: =+E$167^5*E142/100 -> 0 | F169: =+F$167^5*F142/100 -> 12.8 | G169: =+G$167^5*G142/100 -> 0.6 | H169: =+H$167^5*H142/100 -> 0 | I169: =ROUND((SUM(C169:H169))^0.2,2) -> 1.68
A170: 201 | C170: =+C$167^5*C143/100 -> 0 | D170: =+D$167^5*D143/100 -> 819.2 | E170: =+E$167^5*E143/100 -> 48.6 | F170: =+F$167^5*F143/100 -> 0 | G170: =+G$167^5*G143/100 -> 0 | H170: =+H$167^5*H143/100 -> 0 | I170: =ROUND((SUM(C170:H170))^0.2,2) -> 3.87
A171: 301 | C171: =+C$167^5*C144/100 -> 3125 | D171: =+D$167^5*D144/100 -> 0 | E171: =+E$167^5*E144/100 -> 0 | F171: =+F$167^5*F144/100 -> 0 | G171: =+G$167^5*G144/100 -> 0 | H171: =+H$167^5*H144/100 -> 0 | I171: =ROUND((SUM(C171:H171))^0.2,2) -> 5
A172: 401 | C172: =+C$167^5*C145/100 -> 2062.5 | D172: =+D$167^5*D145/100 -> 348.16 | E172: =+E$167^5*E145/100 -> 0 | F172: =+F$167^5*F145/100 -> 0 | G172: =+G$167^5*G145/100 -> 0 | H172: =+H$167^5*H145/100 -> 0 | I172: =ROUND((SUM(C172:H172))^0.2,2) -> 4.75
A173: 501 | C173: =+C$167^5*C146/100 -> 0 | D173: =+D$167^5*D146/100 -> 0 | E173: =+E$167^5*E146/100 -> 243 | F173: =+F$167^5*F146/100 -> 0 | G173: =+G$167^5*G146/100 -> 0 | H173: =+H$167^5*H146/100 -> 0 | I173: =ROUND((SUM(C173:H173))^0.2,2) -> 3
B175: EI resultado final es la condición estadística por elemento. Para efectos comparativos, considérese el elemento 101 del ejemplo:
B178: • | C178: En la condición de campo, la calificación era la siguiente: 10% en la condición 2, el 40% en la condición 1, y el 50% en la condición 0.
B181: • | C181: En la condición estadística, la calificación es de 1.68 (intermedia entre las condiciones 1 y 2). Esto muestra el carácter adecuadamente conservador del procedimiento.
A185: 3 - Condición estadística del puente
A187: A partir del cálculo de la condición estadística de los elementos, será posible calcular la condición estadística para el puente.
A190: EI método que se está utilizando es el siguiente:
A193: UNIDAD GERENCIAL DE CONSERVACION | I193: =1+I128 -> 194
A194: AREA DE CONSERVACION DE PUENTES
E197: GUIA PARA LA INSPECCION, EVALUACION Y MANTENIMIENTO DE PUENTES
B201: • | C201: Se determina el número de elementos del puente (N)
B203: • | C203: Se determina el factor de importancia que el elemento tiene en relación con el puente.
...

Sheet Hoja3
B2: UBICACIÓN GENERAL DEL PUENTE
B3: Distrito: | C3: =+'A-D.- FICHA'!J19 -> Matalaque
B4: Provincia: | C4: =+'A-D.- FICHA'!J17 -> Gral. Sanchez Cerro
B5: Departamento Político: | C5: =+'A-D.- FICHA'!J13 -> Moquegua
B6: Departamento Vial: | C6: =+'A-D.- FICHA'!J15 -> Moquegua
B7: Ruta: | C7: =+'A-D.- FICHA'!P15 -> MO-100
B8: Tipo de Ruta: | C8: =+'A-D.- FICHA'!P19 -> Departamental
B9: Tramo: | C9: =+'A-D.- FICHA'!E19 -> 11
B10: Progresiva: | C10: =+'A-D.- FICHA'!P17 -> 30298
B11: Puente: | C11: =+'A-D.- FICHA'!J9 -> PUENTE AGUA BLANCA
B12: DESCRIPCION DE LA SUPERESTRUCTURA
B13: Tipo: | C13: =+'A-D.- FICHA'!E78 -> Losa con Vigas
B14: Material: | C14: =+'A-D.- FICHA'!E84 -> Concreto armado
B15: N° de vanos: | C15: =+'A-D.- FICHA'!E62 -> 1
B16: Condición de borde: | C16: =+'A-D.- FICHA'!E82 -> Empotrado
B17: Longitud Total: | C17: =+'A-D.- FICHA'!E66 -> 31.2
B18: Calzada: | C18: =+'A-D.- FICHA'!E102 -> Concreto Pobre
B19: N° Vías: | C19: =+'A-D.- FICHA'!E33 -> 1
B20: Sobre Carga Diseño: | C20: =+'A-D.- FICHA'!E37 -> 0
B21: Espesor de Losa: | C21: =+'A-D.- FICHA'!E100 -> 0.2
B22: Eje de Viga(s) | C22: =+'A-D.- FICHA'!P104 -> 4
B23: Altura de Viga(s) | C23: =+'A-D.- FICHA'!J106 -> 1.65-2.95m
B24: N° Vigas | C24: =+'A-D.- FICHA'!J100 -> 2
B25: DESCRIPCCION DE LA INFRAESTRUCTURA
B26: Estribos: | C26: =+'A-D.- FICHA'!J120 -> Portico
B27: Pilares: | C27: =IF(+'A-D.- FICHA'!G183=0,"No aplica",+'A-D.- FICHA'!G183=0) -> No aplica
